Naam,Status,Moederland_of_bestuur,Continent,Type,Culinaire_regio,Nationaal_gerecht(en),Alternatieve_gerechten,Beschrijving,Belangrijkste_ingrediënten,Keukeninvloeden
Algerije,Land,Algerije,Afrika,Land,Maghrebijnse keuken,"Couscous; Chakhchoukha; Rechta","Tajine; Harira","De Algerijnse keuken combineert Berberse, Arabische en Mediterrane invloeden. Couscous is een van de belangrijkste culturele gerechten en wordt vaak met groenten, vlees en bouillon gegeten.","Griesmeel; lam; kikkererwten; groenten; specerijen","Berbers; Arabisch; Ottomaans; Frans"
Angola,Land,Angola,Afrika,Land,Centraal-Afrikaanse keuken,"Muamba de galinha; Funje","Calulu; Moamba","Muamba de galinha is kip gestoofd met palmolie, knoflook en okra. Funje is een zachte cassavepap die vaak bij stoofgerechten wordt gegeten.","Cassave; kip; palmolie; okra; maïs","Portugees; Bantu; Centraal-Afrikaans"
Benin,Land,Benin,Afrika,Land,West-Afrikaanse keuken,"Amiwo; Pâte; Kuli-kuli","Akassa; Yovo doko","De keuken van Benin gebruikt veel maïs, cassave en pinda's. Pâte is een dagelijkse basis die wordt gecombineerd met rijke sauzen.","Maïs; cassave; pinda; chili; vis","West-Afrikaans; Frans"
Botswana,Land,Botswana,Afrika,Land,Zuidelijk-Afrikaanse keuken,"Seswaa; Bogobe","Morogo; Vetkoek","Seswaa is langzaam gekookt en uit elkaar getrokken vlees dat vaak bij feesten wordt gegeten. Bogobe is een dikke pap van sorghum of gierst.","Rundvlees; geit; sorghum; maïs","Tswana; Zuidelijk-Afrikaans"
Burkina Faso,Land,Burkina Faso,Afrika,Land,Sahel-keuken,"Riz gras; Tô","Maafé; Dambou","Burkinese gerechten draaien rond granen, peulvruchten en stoofgerechten. Tô is een stevige deegbasis die met sauzen wordt gegeten.","Gierst; rijst; pinda; okra; vlees","West-Afrikaans; Sahel"
Burundi,Land,Burundi,Afrika,Land,Grote Meren keuken,"Ugali; Boko boko harees","Mukeke vis; Bonenstoof","De Burundese keuken gebruikt eenvoudige basisproducten zoals maïs, bonen en vis uit het Tanganyikameer.","Maïs; bonen; vis; cassave","Bantu; Oost-Afrikaans"
Kameroen,Land,Kameroen,Afrika,Land,Centraal-Afrikaanse keuken,"Ndolé; Poulet DG","Koki; Achu","Kameroen heeft een zeer diverse keuken door de vele etnische groepen. Ndolé combineert bittere bladeren met pinda's en vlees of garnalen.","Pinda; cassavebladeren; kip; bakbanaan","Bantu; West-Afrikaans; Frans"
Kaapverdië,Land,Kaapverdië,Afrika,Land,Atlantisch eilandkeuken,"Cachupa","Pastéis; Buzio","Cachupa is een langzaam gekookte stoofpot met maïs, bonen, groenten en vlees of vis.","Maïs; bonen; vis; varkensvlees","Portugees; West-Afrikaans"
Centraal-Afrikaanse Republiek,Land,Centraal-Afrikaanse Republiek,Afrika,Land,Centraal-Afrikaanse keuken,"Kanda; Fufu","Gombo; Stoofgerechten","De keuken gebruikt veel zetmeelrijke basisproducten gecombineerd met sauzen en stoofgerechten.","Cassave; pinda; vlees; okra","Bantu; Centraal-Afrikaans"
Tsjaad,Land,Tsjaad,Afrika,Land,Sahel-keuken,"Daraba; Kisra","Boule; Millet gerechten","De Tsjadische keuken combineert Arabische en Afrikaanse tradities. Kisra is een dun sorghumbrood dat vaak bij stoofgerechten wordt gegeten.","Sorghum; gierst; vlees; pinda","Sahel; Arabisch; Soedanees"
Comoren,Land,Comoren,Afrika,Land,Indische Oceaan keuken,"Pilao; Kreeft met vanille","Mataba; Samoussa","De keuken van Comoren combineert Afrikaanse, Arabische, Indiase en Franse invloeden. Zeevruchten en specerijen spelen een grote rol.","Rijst; kokos; vis; vanille; kruiden","Swahili; Arabisch; Frans; Indiaas"
Democratische Republiek Congo,Land,DR Congo,Afrika,Land,Congolese keuken,"Poulet à la Moambé; Fufu","Saka-saka; Liboke","De Congolese keuken gebruikt veel cassave, palmnoten en lokale groenten. Fufu is een dagelijks basisgerecht.","Cassave; palmnoten; kip; vis","Bantu; Centraal-Afrikaans"
Republiek Congo,Land,Republiek Congo,Afrika,Land,Congolese keuken,"Moambe kip; Saka-saka","Liboke","De keuken lijkt sterk op die van DR Congo met veel palmnootgerechten en cassaveproducten.","Palmnoten; cassavebladeren; vis; kip","Bantu; Frans"
Ivoorkust,Land,Ivoorkust,Afrika,Land,West-Afrikaanse keuken,"Attiéké; Kedjenou","Aloko; Jollof rice","Attiéké is een couscousachtige bereiding van gefermenteerde cassave. Kedjenou is een langzaam gegaarde kipstoofpot.","Cassave; kip; banaan; vis","West-Afrikaans; Frans"
Djibouti,Land,Djibouti,Afrika,Land,Hoorn van Afrika keuken,"Skoudehkaris; Fah-fah","Sambusa","Djiboutische gerechten combineren Somalische, Arabische en Franse invloeden.","Rijst; lam; vis; kruiden","Somalisch; Arabisch; Frans"
Egypte,Land,Egypte,Afrika,Land,Nijlkeuken,"Koshari; Ful medames; Molokhia","Ta'amiya; Mahshi","Egypte heeft een van de oudste voedseltradities ter wereld. Koshari combineert rijst, pasta, linzen en tomatensaus.","Rijst; linzen; tuinbonen; knoflook","Oud-Egyptisch; Arabisch; Ottomaans"
Eritrea,Land,Eritrea,Afrika,Land,Hoorn van Afrika keuken,"Zigni; Injera","Shiro; Tibs","De Eritrese keuken lijkt sterk op de Ethiopische keuken en draait rond injera, een gefermenteerd platbrood. Zigni is een pittige stoofpot met vlees en berbere-kruiden.","Teff; rundvlees; linzen; chili; kruiden","Tigrinya; Ethiopisch; Italiaans"
Eswatini,Land,Eswatini,Afrika,Land,Zuidelijk-Afrikaanse keuken,"Sishwala; Emasi","Umncweba; Tinkhobe","De keuken van Eswatini gebruikt veel maïs, sorghum en traditionele zuivelproducten. Sishwala is een stevige pap die dagelijks wordt gegeten.","Maïs; sorghum; melk; vlees","Swazi; Zuidelijk-Afrikaans"
Ethiopië,Land,Ethiopië,Afrika,Land,Hoorn van Afrika keuken,"Doro wat; Injera","Kitfo; Shiro","De Ethiopische keuken is beroemd om gedeelde maaltijden rond injera. Doro wat is een pittige kipstoofpot met eieren.","Teff; kip; linzen; boter; berbere","Ethiopisch; Eritrees; Arabisch"
Gabon,Land,Gabon,Afrika,Land,Centraal-Afrikaanse keuken,"Poulet Nyembwe","Moambe; Visgerechten","Poulet Nyembwe is kip bereid met palmnotensaus. Het gerecht is een belangrijk symbool van de Gabonese keuken.","Kip; palmnoten; cassave; vis","Bantu; Frans"
Gambia,Land,Gambia,Afrika,Land,West-Afrikaanse keuken,"Domoda; Benachin","Yassa; Mafé","Domoda is een pindastoofpot die vaak met rijst wordt gegeten. Benachin is een Gambiaanse versie van jollofrijst.","Pinda; rijst; tomaat; vlees; vis","Mandinka; West-Afrikaans; Brits"
Ghana,Land,Ghana,Afrika,Land,West-Afrikaanse keuken,"Jollofrijst; Fufu; Banku","Waakye; Kelewele","De Ghanese keuken gebruikt veel zetmeelrijke gerechten gecombineerd met rijke soepen. Jollofrijst is een van de bekendste West-Afrikaanse gerechten.","Rijst; cassave; bakbanaan; pinda; chili","Akan; West-Afrikaans; Brits"
Guinee,Land,Guinee,Afrika,Land,West-Afrikaanse keuken,"Poulet yassa; Riz gras","Maafé; Fufu","De keuken van Guinee combineert rijstgerechten met pittige sauzen. Poulet yassa gebruikt veel ui en citroen.","Rijst; kip; pinda; cassave","West-Afrikaans; Frans"
Guinee-Bissau,Land,Guinee-Bissau,Afrika,Land,West-Afrikaanse keuken,"Caldo de mancarra","Jollofrijst; Visstoof","Caldo de mancarra is een pindastoofpot met Portugese en Afrikaanse invloeden.","Pinda; vis; kip; rijst","Portugees; West-Afrikaans"
Kenia,Land,Kenia,Afrika,Land,Oost-Afrikaanse keuken,"Nyama choma; Ugali","Pilau; Sukuma wiki","Nyama choma is gegrild vlees en een belangrijk sociaal gerecht. Ugali is een dagelijkse maïsbasis.","Maïs; rundvlees; geit; groenten","Swahili; Oost-Afrikaans; Brits"
Lesotho,Land,Lesotho,Afrika,Land,Zuidelijk-Afrikaanse keuken,"Motoho; Papa","Likhoehlane","De Lesothaanse keuken draait rond granen en eenvoudige maaltijden. Papa is een maïspap die met sauzen wordt gegeten.","Maïs; sorghum; bonen","Basotho; Zuidelijk-Afrikaans"
Liberia,Land,Liberia,Afrika,Land,West-Afrikaanse keuken,"Cassavabladstoofpot; Jollofrijst","Palm butter soup","Liberiaanse gerechten gebruiken veel bladeren, rijst en palmproducten. De keuken heeft ook Amerikaanse invloeden door de geschiedenis van het land.","Cassavebladeren; rijst; palmolie; vis","West-Afrikaans; Amerikaans"
Libië,Land,Libië,Afrika,Land,Maghrebijnse keuken,"Couscous; Shakshuka","Bazeen; Harira","De Libische keuken combineert Noord-Afrikaanse en Mediterrane tradities. Couscous wordt vaak met lam en groenten gegeten.","Couscous; lam; dadels; kruiden","Berbers; Arabisch; Italiaans"
Madagaskar,Land,Madagaskar,Afrika,Land,Indische Oceaan keuken,"Romazava; Ravitoto","Mofo; Akoho sy voanio","De keuken van Madagaskar combineert Afrikaanse, Aziatische en Franse invloeden. Rijst vormt de basis van vrijwel elke maaltijd.","Rijst; cassavebladeren; vlees; kokos","Austronesisch; Afrikaans; Frans"
Malawi,Land,Malawi,Afrika,Land,Oost-Afrikaanse keuken,"Nsima; Chambo","Ndiwo; Bonenstoof","Nsima is een dikke maïspap die dagelijks wordt gegeten. Chambo is een bekende vis uit het Malawimeer.","Maïs; vis; bonen; groenten","Bantu; Oost-Afrikaans"
Mali,Land,Mali,Afrika,Land,Sahel-keuken,"Maafé; Tiguadege na","Tô; Couscous","De Malinese keuken gebruikt veel granen en pindasauzen. Maafé is een rijke stoofpot met vlees en pinda's.","Pinda; rijst; gierst; vlees","Mande; Sahel; Arabisch"
Mauritanië,Land,Mauritanië,Afrika,Land,Maghrebijnse/Sahel keuken,"Thieboudienne; Couscous","Mechoui; Thee-cultuur","De keuken combineert Arabische, Berberse en West-Afrikaanse tradities. Vis en rijst zijn belangrijk door de Atlantische kust.","Rijst; vis; lam; couscous","Moorse; Berberse; West-Afrikaans"
Mauritius,Land,Mauritius,Afrika,Land,Indische Oceaan keuken,"Dholl puri; Rougaille","Vindaye; Briyani","Mauritiaanse keuken is een mix van Indiase, Afrikaanse, Chinese en Franse invloeden. Dholl puri is een populaire gevulde flatbread.","Linzen; rijst; kokos; vis; kruiden","Indiaas; Creools; Frans; Chinees"
Marokko,Land,Marokko,Afrika,Land,Maghrebijnse keuken,"Tajine; Couscous; Pastilla","Harira; Msemen","De Marokkaanse keuken combineert Berberse, Arabische en Andalusische tradities. Specerijen zoals saffraan, kaneel en komijn zijn belangrijk.","Lam; couscous; kikkererwten; kruiden","Berbers; Arabisch; Andalusisch"
Mozambique,Land,Mozambique,Afrika,Land,Zuidelijk-Afrikaanse/Indische Oceaan keuken,"Matapa; Piri-piri kip","Chamussas; Xima","De keuken combineert Portugese koloniale invloeden met Afrikaanse en Indiase smaken. Kokos en chili spelen een grote rol.","Kokos; cassavebladeren; kip; zeevruchten","Portugees; Swahili; Indiaas"
Namibië,Land,Namibië,Afrika,Land,Zuidelijk-Afrikaanse keuken,"Kapana; Oshifima","Braaivleis; Biltong","Namibische keuken combineert traditionele Afrikaanse gerechten met Duitse en Zuid-Afrikaanse invloeden.","Vlees; maïs; wild; vis","Herero; Duits; Zuid-Afrikaans"
Niger,Land,Niger,Afrika,Land,Sahel-keuken,"Dambou; Tuwo","Jollofrijst; Couscous","De keuken van Niger gebruikt vooral granen, vlees en eenvoudige stoofgerechten. Dambou lijkt op couscous en wordt met groenten gegeten.","Gierst; sorghum; rijst; vlees","Hausa; Toeareg; Sahel"
Nigeria,Land,Nigeria,Afrika,Land,West-Afrikaanse keuken,"Jollofrijst; Egusi soep; Pounded yam","Suya; Moi moi","De Nigeriaanse keuken is een van de invloedrijkste keukens van West-Afrika. Jollofrijst is een wereldwijd bekend rijstgerecht met tomaat en kruiden.","Rijst; yam; cassave; pinda; chili; vlees","Yoruba; Hausa; Igbo; West-Afrikaans"
Rwanda,Land,Rwanda,Afrika,Land,Grote Meren keuken,"Isombe; Brochettes","Ugali; Ibihaza","De Rwandese keuken gebruikt veel groenten, bonen en lokale gewassen. Brochettes zijn populaire gegrilde vleesspiesjes.","Cassavebladeren; maïs; bonen; geit","Bantu; Oost-Afrikaans"
São Tomé en Príncipe,Land,São Tomé en Príncipe,Afrika,Land,Atlantische eilandkeuken,"Calulu","Fish stew; Banana gerechten","Calulu is een visstoofpot met groenten en palmolie. De keuken combineert Portugese en Afrikaanse tradities.","Vis; palmolie; banaan; groenten","Portugees; West-Afrikaans"
Senegal,Land,Senegal,Afrika,Land,West-Afrikaanse keuken,"Thieboudienne; Yassa","Mafé; Ceebu jën","Thieboudienne wordt vaak gezien als het nationale gerecht van Senegal. Het bestaat uit rijst, vis en groenten.","Rijst; vis; tomaat; pinda; ui","Wolof; West-Afrikaans; Frans"
Seychellen,Land,Seychellen,Afrika,Land,Indische Oceaan keuken,"Viscurry; Octopus curry","Ladob; Rougaille","De Seychelse keuken combineert Afrikaanse, Franse, Indiase en Chinese invloeden. Zeevruchten en kokos zijn essentieel.","Vis; kokos; chili; rijst","Creools; Frans; Indiaas"
Sierra Leone,Land,Sierra Leone,Afrika,Land,West-Afrikaanse keuken,"Cassavabladstoofpot; Jollofrijst","Groundnut stew","De keuken gebruikt veel rijst en rijke sauzen. Cassavebladeren worden vaak gecombineerd met vis of vlees.","Cassavebladeren; rijst; pinda; vis","Mende; Temne; Brits"
Somalië,Land,Somalië,Afrika,Land,Hoorn van Afrika keuken,"Canjeero; Bariis iskukaris","Sambusa; Suqaar","De Somalische keuken combineert Afrikaanse, Arabische en Indiase invloeden. Rijstgerechten met kruiden zijn zeer populair.","Rijst; vlees; kardemom; ghee; meel","Somalisch; Arabisch; Indiaas"
Zuid-Afrika,Land,Zuid-Afrika,Afrika,Land,Zuidelijk-Afrikaanse keuken,"Bobotie; Braai; Pap","Bunny chow; Biltong","De Zuid-Afrikaanse keuken weerspiegelt Afrikaanse, Nederlandse, Maleisische en Indiase invloeden. Braai is zowel een kookstijl als sociale traditie.","Vlees; maïs; kruiden; specerijen","Zulu; Afrikaans; Maleis; Indiaas"
Zuid-Soedan,Land,Zuid-Soedan,Afrika,Land,Nijlkeuken,"Ful; Kisra; Asida","Stews; Ugali","De keuken gebruikt granen, peulvruchten en stoofgerechten. Kisra is een traditioneel gefermenteerd platbrood.","Sorghum; bonen; vlees; granen","Nilotisch; Arabisch; Oost-Afrikaans"
Soedan,Land,Soedan,Afrika,Land,Nijlkeuken,"Ful medames; Asida","Mulahwaja; Kisra","De Soedanese keuken combineert Arabische en Afrikaanse tradities. Ful is een populair dagelijks ontbijt.","Tuinbonen; sorghum; vlees; kruiden","Nubisch; Arabisch; Oost-Afrikaans"
Tanzania,Land,Tanzania,Afrika,Land,Oost-Afrikaanse keuken,"Ugali; Pilau; Nyama choma","Zanzibar pizza; Mishkaki","Tanzaniaanse gerechten combineren Afrikaanse, Arabische en Indiase invloeden. Pilau weerspiegelt de geschiedenis van de Swahilikust.","Maïs; rijst; vlees; kokos; kruiden","Swahili; Indiaas; Arabisch"
Togo,Land,Togo,Afrika,Land,West-Afrikaanse keuken,"Fufu; Akoumé","Pâte; Grills","De Togolese keuken gebruikt veel maïs, cassave en pittige sauzen. Fufu wordt gegeten met rijke soepen.","Cassave; maïs; vis; chili","Ewe; West-Afrikaans"
Tunesië,Land,Tunesië,Afrika,Land,Maghrebijnse keuken,"Couscous; Brik","Harissa; Ojja","De Tunesische keuken staat bekend om pittige smaken en Mediterrane invloeden. Brik is een dun deeggerecht gevuld met ei of tonijn.","Couscous; tonijn; chili; olijfolie","Arabisch; Berbers; Mediterraan"
Oeganda,Land,Oeganda,Afrika,Land,Oost-Afrikaanse keuken,"Matoke; Luwombo","Rolex; Posho","Matoke is een gerecht van gestoomde groene bananen. Luwombo is een traditionele stoofpot bereid in bananenbladeren.","Banaan; pinda; kip; maïs","Bantu; Oost-Afrikaans"
Zambia,Land,Zambia,Afrika,Land,Zuidelijk-Afrikaanse keuken,"Nshima; Ifisashi","Chikanda","Nshima is een dagelijkse maïsbasis. Ifisashi combineert groenten met pindasaus.","Maïs; pinda; groenten; vlees","Bemba; Bantu"
Zimbabwe,Land,Zimbabwe,Afrika,Land,Zuidelijk-Afrikaanse keuken,"Sadza; Dovi","Muriwo; Mopane wormen","Sadza is een stevige maïspap die bij bijna elke maaltijd wordt gegeten. Dovi is een pindastoofpot.","Maïs; pinda; vlees; groenten","Shona; Ndebele"
Westelijke Sahara,Betwist gebied,Marokko/Sahrawi Arabische Democratische Republiek,Afrika,Betwist gebied,Sahrawi keuken,"Couscous; Meifrisa","Theeceremonie; Taguella","De Sahrawi keuken combineert nomadische woestijntradities met Noord-Afrikaanse invloeden. Couscous en broodgerechten zijn belangrijk.","Couscous; lam; dadels; thee","Sahrawi; Berbers; Arabisch"
Somaliland,Gedeeltelijk erkende staat,Somalië,Afrika,Gedeeltelijk erkende staat,Hoorn van Afrika keuken,"Canjeero; Bariis","Suqaar; Sambusa","Somaliland deelt veel culinaire tradities met Somalië. Kruidenrijke rijst en broodgerechten zijn dagelijkse kost.","Rijst; vlees; meel; kardemom","Somalisch; Arabisch"
Réunion,Frans overzees departement,Frankrijk,Afrika/Indische Oceaan,Overzees gebied,Creoolse keuken,"Cari; Rougail saucisse","Samoussas; Bouchons","De keuken van Réunion combineert Franse, Indiase, Chinese en Afrikaanse invloeden. Cari is een kruidige stoofpot.","Rijst; worst; kokos; chili","Frans; Tamil; Creools; Chinees"
Mayotte,Frans overzees departement,Frankrijk,Afrika/Indische Oceaan,Overzees gebied,Comorese keuken,"Mataba; Pilao","Viscurry","Mayotte deelt veel voedseltradities met de Comoren. Kokos, vis en rijst zijn belangrijke ingrediënten.","Cassavebladeren; kokos; vis; rijst","Comorees; Frans; Swahili"
Sint-Helena,Brits overzees gebied,Verenigd Koninkrijk,Afrika/Atlantische Oceaan,Overzees gebied,Eilandkeuken,"Fish cakes; Plo","Stews","De keuken combineert Britse eilandtradities met lokale visgerechten.","Vis; aardappel; rijst","Brits; Atlantisch"
Ceuta,Spaanse autonome stad,Spanje,Afrika,Autonome regio,Mediterrane keuken,"Pinchos morunos; Couscous","Tapas; Visgerechten","Ceuta heeft een mix van Spaanse, Marokkaanse en Mediterrane keukens.","Vlees; couscous; vis; kruiden","Spaans; Marokkaans"
Melilla,Spaanse autonome stad,Spanje,Afrika,Autonome regio,Mediterrane keuken,"Pastela; Couscous","Tapas; Zeevruchten","Melilla combineert Spaanse en Noord-Afrikaanse culinaire tradities.","Kip; amandelen; vis; kruiden","Spaans; Maghrebijns"
Azawad,Bewogen/betwiste regio,Mali,Afrika,Historische regio,Sahel keuken,"Taguella; Couscous","Thee; geitenvlees","De Toeareg-regio gebruikt traditionele woestijngerechten gebaseerd op granen en vlees.","Gierst; meel; geit; dadels","Toeareg; Berbers; Sahel"
Afghanistan,Land,Afghanistan,Azië,Land,Centraal-Aziatische keuken,"Kabuli palaw; Mantu","Ashak; Bolani","De Afghaanse keuken combineert Perzische, Centraal-Aziatische en Zuid-Aziatische invloeden. Kabuli palaw is een rijstgerecht met wortel, rozijnen en vlees en geldt als nationaal symbool.","Rijst; lam; wortel; rozijnen; yoghurt; kruiden","Perzisch; Pashtun; Centraal-Aziatisch"
Armenië,Land,Armenië,Azië/Europa,Land,Kaukasische keuken,"Khorovats; Dolma; Harissa","Lavash; Ghapama","De Armeense keuken is een van de oudste keukentradities van de Kaukasus. Khorovats is gegrild vlees dat vaak bij feestelijke gelegenheden wordt gegeten.","Vlees; aubergine; granen; yoghurt; kruiden","Kaukasisch; Perzisch; Ottomaans"
Azerbeidzjan,Land,Azerbeidzjan,Azië/Europa,Land,Kaukasische keuken,"Plov; Dolma","Qutab; Dushbara","De Azerbeidzjaanse keuken combineert Turkse, Perzische en Kaukasische tradities. Plov is een rijk rijstgerecht met saffraan en verschillende varianten.","Rijst; lam; saffraan; kruiden; groenten","Turks; Perzisch; Kaukasisch"
Bahrein,Land,Bahrein,Azië,Land,Golfkeuken,"Machboos; Muhammar","Harees; Balaleet","De Bahreinse keuken is gebaseerd op rijst, vis en specerijen. Machboos is een gekruid rijstgerecht met vlees of zeevruchten.","Rijst; vis; kardemom; saffraan; vlees","Arabisch; Perzisch; Golf"
Bangladesh,Land,Bangladesh,Azië,Land,Bengaalse keuken,"Ilish bhapa; Kacchi biryani","Panta bhat; Hilsa curry","De Bengaalse keuken draait rond rijst en vis. Hilsa is een iconische vissoort die cultureel sterk verbonden is met Bangladesh.","Rijst; vis; mosterd; chili; linzen","Bengaals; Mughal; Zuid-Aziatisch"
Bhutan,Land,Bhutan,Azië,Land,Himalayakeuken,"Ema datshi","Phaksha paa; Momos","Ema datshi is een pittig gerecht van chilipepers en kaas en wordt gezien als nationaal gerecht. De keuken gebruikt veel chili als groente.","Chili; kaas; rijst; varkensvlees","Tibetaans; Himalaya"
Brunei,Land,Brunei,Azië,Land,Zuidoost-Aziatische keuken,"Ambuyat","Nasi katok; Soto Brunei","Ambuyat is een traditioneel gerecht gemaakt van sagopalmzetmeel. Het wordt gegeten met sauzen en bijgerechten.","Sago; vis; rijst; kokos","Maleis; Borneo; Islamitisch"
Cambodja,Land,Cambodja,Azië,Land,Zuidoost-Aziatische keuken,"Fish amok; Kuy teav","Bai sach chrouk; Nom banh chok","Fish amok is een gestoomde viscurry met kokos en kruiden. De keuken gebruikt veel verse kruiden en gefermenteerde ingrediënten.","Vis; kokos; citroengras; rijst","Khmer; Indiaas; Chinees"
China,Land,China,Azië,Land,Oost-Aziatische keuken,"Peking eend; Dumplings; Kung Pao kip","Mapo tofu; Hotpot","China heeft geen enkel officieel nationaal gerecht vanwege de enorme regionale diversiteit. De keuken omvat onder andere Sichuan, Cantonese, Shandong en Jiangsu tradities.","Rijst; noedels; soja; groenten; vlees","Han-Chinees; regionaal; Mongools"
Cyprus,Land,Cyprus,Azië/Europa,Land,Mediterrane keuken,"Souvla; Halloumi; Meze","Sheftalia; Kleftiko","De Cypriotische keuken combineert Griekse, Turkse en Mediterrane tradities. Meze bestaat uit een reeks kleine gerechten om te delen.","Kaas; lam; olijfolie; groenten","Grieks; Turks; Levantijns"
Georgië,Land,Georgië,Azië/Europa,Land,Kaukasische keuken,"Khachapuri; Khinkali","Lobio; Mtsvadi","De Georgische keuken staat bekend om brood, kaas en dumplings. Khachapuri is gevuld brood met kaas en wordt overal gegeten.","Tarwe; kaas; vlees; walnoten; kruiden","Kaukasisch; Perzisch; Russisch"
India,Land,India,Azië,Land,Zuid-Aziatische keuken,"Biryani; Thali; Khichdi","Dosa; Butter chicken","India heeft geen enkel nationaal gerecht door de enorme regionale verschillen. Biryani en thali zijn internationaal bekende voorbeelden van de diversiteit.","Rijst; linzen; specerijen; groenten; yoghurt","Hindoe; Mughal; Perzisch; regionaal"
Indonesië,Land,Indonesië,Azië,Land,Zuidoost-Aziatische keuken,"Nasi goreng; Rendang; Satay","Gado-gado; Soto","De Indonesische keuken bestaat uit honderden regionale keukens. Rendang uit West-Sumatra wordt vaak genoemd als een van de bekendste gerechten.","Rijst; kokos; chili; vlees; kruiden","Austronesisch; Chinees; Indiaas; Arabisch"
Iran,Land,Iran,Azië,Land,Perzische keuken,"Chelow kebab; Ghormeh sabzi","Fesenjan; Tahdig","De Iraanse keuken heeft een duizenden jaren oude geschiedenis. Ghormeh sabzi is een kruidige stoofpot met bonen en vlees.","Rijst; kruiden; lam; saffraan; noten","Perzisch; Centraal-Aziatisch"
Irak,Land,Irak,Azië,Land,Mesopotamische keuken,"Masgouf; Dolma","Quzi; Kubba","Masgouf is gegrilde vis en een nationaal symbool van Irak. De keuken heeft wortels in de oude Mesopotamische beschaving.","Vis; rijst; dadels; vlees; kruiden","Mesopotamisch; Arabisch; Perzisch"
Israël,Land,Israël,Azië,Land,Levantijnse keuken,"Falafel; Shakshuka; Sabich","Hummus; Jachnun","Israël heeft geen officieel nationaal gerecht, maar falafel en hummus zijn sterk verbonden met de moderne keuken. De keuken combineert Joodse diaspora-keukens met Levantijnse tradities.","Kikkererwten; tahini; groenten; brood","Levantijns; Joods; Midden-Oosters"
Japan,Land,Japan,Azië,Land,Oost-Aziatische keuken,"Sushi; Ramen; Curry rice","Tempura; Kaiseki","De Japanse keuken staat bekend om balans, seizoensproducten en precisie. Sushi is wereldwijd het bekendste Japanse gerecht.","Rijst; vis; soja; zeewier; noedels","Japans; Chinees; boeddhistisch"
Jemen,Land,Jemen,Azië,Land,Arabische keuken,"Saltah; Mandi","Fahsa; Bint al-sahn","De Jemenitische keuken gebruikt veel kruiden, rijst en langzaam bereid vlees. Saltah is een traditionele stoofpot met fenugreek-schuimsaus.","Vlees; rijst; fenegriek; brood; kruiden","Arabisch; Ethiopisch; Ottomaans"
Jordanië,Land,Jordanië,Azië,Land,Levantijnse keuken,"Mansaf; Zarb","Falafel; Maqluba","Mansaf is een traditioneel feestgerecht met lam, rijst en yoghurtsaus. Het wordt vaak gezien als hét nationale gerecht van Jordanië.","Lam; rijst; yoghurt; noten","Bedoeïen; Levantijns; Arabisch"
Kazachstan,Land,Kazachstan,Azië,Land,Centraal-Aziatische keuken,"Beshbarmak; Kazy","Baursak; Kuyrdak","Beshbarmak is het bekendste Kazachse gerecht en bestaat uit gekookt vlees met noedels. De keuken heeft een sterke nomadische traditie waarin vlees en zuivel centraal staan.","Paardenvlees; lam; deeg; zuivel","Turks; Mongools; Russisch"
Kirgizië,Land,Kirgizië,Azië,Land,Centraal-Aziatische keuken,"Beshbarmak; Plov","Manty; Lagman","De Kirgizische keuken is gevormd door nomadische veehouders. Gerechten met vlees, deeg en melkproducten zijn zeer belangrijk.","Lam; paardenvlees; meel; yoghurt","Kirgizisch; Turks; Russisch"
Noord-Korea,Land,Noord-Korea,Azië,Land,Koreaanse keuken,"Naengmyeon; Kimchi","Bibimbap; Mandu","De Noord-Koreaanse keuken deelt veel tradities met Zuid-Korea. Naengmyeon, koude boekweitnoedels, is sterk verbonden met Pyongyang.","Noedels; rijst; kool; chili; vlees","Koreaans; Chinees"
Zuid-Korea,Land,Zuid-Korea,Azië,Land,Koreaanse keuken,"Kimchi; Bibimbap; Bulgogi","Japchae; Tteokbokki","Kimchi is een gefermenteerd groentegerecht dat bij vrijwel elke maaltijd wordt gegeten. Bibimbap combineert rijst met groenten, vlees en ei.","Rijst; kool; chili; soja; sesam","Koreaans; Chinees; Japans"
Koeweit,Land,Koeweit,Azië,Land,Golfkeuken,"Machboos; Mutabbaq samak","Harees; Gabout","De Koeweitse keuken is gebaseerd op rijst, vis en specerijen. Machboos is een gekruid rijstgerecht met vlees of vis.","Rijst; vis; saffraan; kardemom; vlees","Arabisch; Perzisch; Golf"
Laos,Land,Laos,Azië,Land,Zuidoost-Aziatische keuken,"Larb; Sticky rice","Tam mak hoong; Khao piak sen","Larb is een pittige salade met gehakt vlees of vis en kruiden. Kleefrijst is de belangrijkste basis van de Laotiaanse keuken.","Rijst; kruiden; limoen; chili; vlees","Lao; Thai; Khmer"
Libanon,Land,Libanon,Azië,Land,Levantijnse keuken,"Kibbeh; Hummus; Tabbouleh","Shawarma; Manakish","De Libanese keuken is een van de bekendste Levantijnse keukens. Kleine gerechten om te delen, mezze, vormen een belangrijk onderdeel.","Kikkererwten; bulgur; olijfolie; kruiden","Levantijns; Arabisch; Ottomaans"
Maleisië,Land,Maleisië,Azië,Land,Zuidoost-Aziatische keuken,"Nasi lemak; Laksa","Rendang; Satay","Nasi lemak is rijst gekookt in kokosmelk en wordt vaak gezien als nationaal gerecht. De keuken combineert Maleise, Chinese en Indiase tradities.","Kokos; rijst; chili; vis; kruiden","Maleis; Chinees; Indiaas"
Malediven,Land,Malediven,Azië,Land,Indische Oceaan keuken,"Mas huni; Garudhiya","Fihunu mas; Roshi","Mas huni is een ontbijtgerecht met tonijn, kokos en ui. Vis en kokos vormen de basis van de eilandkeuken.","Tonijn; kokos; rijst; chili","Indiaas; Sri Lankaans; Arabisch"
Mongolië,Land,Mongolië,Azië,Land,Nomadische keuken,"Buuz; Khorkhog","Boodog; Tsuivan","De Mongoolse keuken is aangepast aan het nomadische leven. Vlees en zuivelproducten domineren door de veeteelttraditie.","Lam; rund; geit; melk; deeg","Mongools; Tibetaans; Chinees"
Myanmar,Land,Myanmar,Azië,Land,Birmaanse keuken,"Mohinga; Laphet thoke","Shan noodles; Curry","Mohinga is een visnoedelsoep die vaak als nationaal gerecht wordt beschouwd. Fermentatie en theeproducten spelen een grote rol.","Rijst; vis; noedels; thee; chili","Birmaans; Indiaas; Chinees; Thais"
Nepal,Land,Nepal,Azië,Land,Himalayakeuken,"Dal bhat; Momos","Thukpa; Sel roti","Dal bhat bestaat uit rijst, linzensoep en groenten en wordt dagelijks gegeten. Momos zijn dumplings met Tibetaanse invloed.","Rijst; linzen; groenten; kruiden","Nepalees; Tibetaans; Indiaas"
Oman,Land,Oman,Azië,Land,Arabische keuken,"Shuwa; Majboos","Harees; Mashuai","Shuwa is langzaam bereid vlees dat vaak bij feestdagen wordt gegeten. De Omaanse keuken heeft sterke handelsinvloeden uit India en Oost-Afrika.","Lam; rijst; dadels; specerijen","Arabisch; Indiaas; Swahili"
Pakistan,Land,Pakistan,Azië,Land,Zuid-Aziatische keuken,"Biryani; Nihari","Karahi; Haleem","De Pakistaanse keuken combineert Zuid-Aziatische en Perzische invloeden. Biryani is een van de meest geliefde gerechten.","Rijst; vlees; yoghurt; kruiden","Mughal; Perzisch; Indiaas"
Palestina,VN-waarnemersstaat / betwist gebied,Palestijnse gebieden,Azië,Gedeeltelijk erkende staat,Levantijnse keuken,"Musakhan; Maqluba; Knafeh","Falafel; Mansaf","De Palestijnse keuken is diep verbonden met de Levant. Musakhan combineert brood, kip, ui en sumak.","Brood; kip; olijfolie; rijst; kruiden","Levantijns; Arabisch"
Filipijnen,Land,Filipijnen,Azië,Land,Zuidoost-Aziatische keuken,"Adobo; Sinigang; Lechon","Pancit; Kare-kare","Adobo wordt vaak beschouwd als het nationale gerecht van de Filipijnen. Het combineert vlees gestoofd in azijn, soja en kruiden.","Varkensvlees; kip; rijst; azijn; soja","Austronesisch; Spaans; Chinees"
Qatar,Land,Qatar,Azië,Land,Golfkeuken,"Machboos; Thareed","Harees; Balaleet","De Qatarese keuken gebruikt veel rijst, vlees en specerijen. Machboos is een traditioneel feestgerecht.","Rijst; lam; kip; kardemom; saffraan","Arabisch; Golf; Perzisch"
Saoedi-Arabië,Land,Saoedi-Arabië,Azië,Land,Arabische keuken,"Kabsa; Jareesh","Mandi; Mutabbaq","Kabsa is een gekruid rijstgerecht met vlees en wordt vaak gezien als nationaal gerecht. De keuken verschilt sterk per regio.","Rijst; kip; lam; dadels; kruiden","Arabisch; Bedoeïen"
Singapore,Land,Singapore,Azië,Land,Zuidoost-Aziatische keuken,"Hainanese chicken rice; Laksa","Chilli crab; Char kway teow","Singapore heeft geen enkel officieel gerecht maar staat bekend om zijn hawker food cultuur. De keuken combineert Chinese, Maleise, Indiase en Peranakan tradities.","Rijst; kip; kokos; noedels; chili","Chinees; Maleis; Indiaas"
Sri Lanka,Land,Sri Lanka,Azië,Land,Zuid-Aziatische keuken,"Rice and curry; Kottu roti","Hoppers; Lamprais","De Sri Lankaanse keuken gebruikt veel specerijen en kokos. Rice and curry bestaat uit rijst met meerdere kleine curry's.","Rijst; kokos; kaneel; chili; vis","Singalees; Tamil; Indiaas"
Syrië,Land,Syrië,Azië,Land,Levantijnse keuken,"Kibbeh; Fatteh","Shawarma; Muhammara","De Syrische keuken is een klassieke Levantijnse keuken met veel mezze-gerechten. Kibbeh combineert bulgur, vlees en kruiden.","Bulgur; lam; yoghurt; noten","Levantijns; Ottomaans"
Taiwan,Gedeeltelijk erkende staat,Taiwan,Azië,Gedeeltelijk erkende staat,Oost-Aziatische keuken,"Beef noodle soup; Lu rou fan","Xiao long bao; Oyster omelette","De Taiwanese keuken combineert Chinese regionale keukens met Japanse invloeden. Beef noodle soup is een modern nationaal symbool.","Noedels; rund; soja; rijst; zeevruchten","Chinees; Japans; inheems Taiwanees"
Tadzjikistan,Land,Tadzjikistan,Azië,Land,Centraal-Aziatische keuken,"Plov; Qurutob","Sambusa; Mantu","De Tadzjiekse keuken heeft Perzische en Centraal-Aziatische wortels. Plov is een rijstgerecht met vlees en wortel.","Rijst; lam; yoghurt; brood","Perzisch; Turks; Centraal-Aziatisch"
Thailand,Land,Thailand,Azië,Land,Zuidoost-Aziatische keuken,"Pad Thai; Tom yum; Green curry","Som tam; Massaman curry","Thailand heeft een van de bekendste keukens ter wereld. De keuken draait om balans tussen zoet, zuur, zout en pittig.","Rijst; kokos; chili; citroengras; vis","Thai; Chinees; Indiaas"
Oost-Timor,Land,Oost-Timor,Azië,Land,Zuidoost-Aziatische keuken,"Ikan pepes; Batar da'an","Feijoada Timorense","De Oost-Timorese keuken combineert Austronesische en Portugese invloeden. Maïs en vis zijn belangrijke basisproducten.","Maïs; vis; rijst; kokos","Austronesisch; Portugees"
Turkmenistan,Land,Turkmenistan,Azië,Land,Centraal-Aziatische keuken,"Plov; Dograma","Manty; Shashlik","De Turkmenistische keuken is gebaseerd op nomadische tradities. Plov en vleesgerechten spelen een centrale rol.","Lam; rijst; brood; kruiden","Turks; Perzisch; Centraal-Aziatisch"
Verenigde Arabische Emiraten,Land,VAE,Azië,Land,Golfkeuken,"Machboos; Harees","Luqaimat; Shawarma","De Emiratische keuken combineert bedoeïenen-, Perzische en Indiase invloeden. Machboos is een gekruid rijstgerecht.","Rijst; vlees; dadels; vis; kruiden","Arabisch; Perzisch; Indiaas"
Oezbekistan,Land,Oezbekistan,Azië,Land,Centraal-Aziatische keuken,"Plov; Samsa","Lagman; Shashlik","Plov is hét nationale gerecht van Oezbekistan en kent veel regionale varianten. Het wordt gemaakt met rijst, vlees en wortel.","Rijst; lam; wortel; ui","Turks; Perzisch; Russisch"
Vietnam,Land,Vietnam,Azië,Land,Zuidoost-Aziatische keuken,"Phở; Bánh mì","Bún chả; Gỏi cuốn","De Vietnamese keuken staat bekend om verse kruiden en lichte smaken. Phở is een noedelsoep met bouillon, vlees en kruiden.","Rijstnoedels; kruiden; vissaus; rund; groenten","Vietnamees; Chinees; Frans"
Tibet,Culturele regio / autonome regio China,China,Azië,Culturele regio,Himalayakeuken,"Momos; Tsampa; Yakvlees","Thukpa; Butter tea","De Tibetaanse keuken is aangepast aan het leven op grote hoogte. Tsampa, een geroosterd gerstemeel, is een traditioneel basisvoedsel.","Gerst; yakvlees; boter; melk; noedels","Tibetaans; Himalaya; Centraal-Aziatisch"
Xinjiang / Oost-Turkestan,Autonome regio China,China,Azië,Autonome regio,Centraal-Aziatische keuken,"Laghman; Polo; Naan","Kebabs; Samsa","De keuken van Xinjiang combineert Turkse, Oeigoerse en Chinese invloeden. Laghman zijn handgetrokken noedels met vlees en groenten.","Noedels; lam; tarwe; komijn; paprika","Oeigoers; Turks; Chinees"
Hongkong,Speciale bestuurlijke regio China,China,Azië,Autonome regio,Kantonese keuken,"Dim sum; Roast goose","Wonton noodles; Egg tart","De Hongkongse keuken combineert traditionele Kantonese gerechten met Britse koloniale invloeden. Dim sum bestaat uit kleine gestoomde of gefrituurde gerechten.","Rijst; zeevruchten; deeg; thee","Kantonees; Brits; Chinees"
Macau,Speciale bestuurlijke regio China,China,Azië,Autonome regio,Macanese keuken,"Minchi; African chicken","Egg tart; Pork chop bun","De keuken van Macau is ontstaan uit een mix van Portugese en Chinese tradities. African chicken combineert Portugese kruiden met Aziatische smaken.","Kip; aardappel; kokos; kruiden","Kantonees; Portugees; Macanese"
Jammu en Kashmir,Betwiste regio,India/Pakistan,Azië,Betwist gebied,Kashmiri keuken,"Rogan josh; Wazwan","Yakhni; Dum aloo","De Kashmiri keuken staat bekend om uitgebreide feestmaaltijden zoals Wazwan. De keuken combineert Centraal-Aziatische en Perzische invloeden.","Lam; yoghurt; saffraan; kruiden","Perzisch; Centraal-Aziatisch; Indiaas"
Ladakh,Uniegebied India,India,Azië,Regio,Himalayakeuken,"Thukpa; Momos","Skyu; Butter tea","Ladakh deelt veel culinaire tradities met Tibet. De keuken is aangepast aan koude berggebieden.","Gerst; noedels; vlees; boter","Tibetaans; Himalaya"
Azad Kashmir,Door Pakistan bestuurde regio,Pakistan,Azië,Betwist gebied,Kashmiri keuken,"Kashmiri pulao; Rogan josh","Dum aloo; Gushtaba","De keuken van Azad Kashmir combineert Kashmiri en Pakistaanse tradities. Rijke stoofgerechten met kruiden zijn kenmerkend.","Rijst; lam; yoghurt; specerijen","Kashmiri; Pakistaans"
Gilgit-Baltistan,Door Pakistan bestuurde regio,Pakistan,Azië,Regio,Himalayakeuken,"Chapshoro; Mamtu","Thukpa; Balay","De keuken van Gilgit-Baltistan is beïnvloed door Tibetaanse, Centraal-Aziatische en Pakistaanse tradities.","Meel; vlees; groenten; noedels","Tibetaans; Burusho; Centraal-Aziatisch"
Aksai Chin,Betwist gebied,China/India,Azië,Betwist gebied,Himalayakeuken,"Tibetaanse gerechten","Tsampa; Momos","Door de afgelegen ligging bestaat er geen aparte nationale keuken. De voedselcultuur volgt vooral Tibetaanse tradities.","Gerst; yak; deeg; boter","Tibetaans"
West-Papoea,Betwiste regio,Indonesië,Azië/Oceanië,Regio,Melanesische keuken,"Papeda; Ikan kuah kuning","Sago gerechten; gegrilde vis","De keuken van West-Papoea is gebaseerd op traditionele Melanesische ingrediënten. Sago is een belangrijk basisvoedsel.","Sago; vis; kokos; kruiden","Melanesisch; Indonesisch"
Siberië,Culturele regio,Rusland,Azië,Historische regio,Noord-Aziatische keuken,"Stroganina; Pelmeni","Borsjt; Omul vis","De Siberische keuken is aangepast aan extreme kou. Bevroren rauwe vis, pelmeni en wild zijn traditionele gerechten.","Vis; wild; deeg; aardappel","Russisch; Siberisch; inheems"
Tsjetsjenië,Deelrepubliek Rusland,Rusland,Azië/Europa,Regio,Kaukasische keuken,"Zhizhig-galnash","Chechen chudu; Halva","De Tsjetsjeense keuken gebruikt eenvoudige gerechten met vlees en deeg. Zhizhig-galnash bestaat uit vlees met deegballetjes.","Lam; deeg; knoflook; bouillon","Tsjetsjeens; Kaukasisch"
Koerdistan,Culturele regio,Irak/Turkije/Iran/Syrië,Azië,Historische regio,Kurdische keuken,"Dolma; Kebab; Pacha","Kutilk; Nisk","De Koerdische keuken bestaat uit regionale tradities verspreid over meerdere landen. Granen, yoghurt en vlees zijn belangrijk.","Tarwe; vlees; yoghurt; groenten","Koerdisch; Perzisch; Mesopotamisch"
Nagorno-Karabach / Artsakh,Betwist gebied,Azerbeidzjan/Armenië,Azië,Betwist gebied,Kaukasische keuken,"Dolma; Khorovats","Lavash; Plov","De regio heeft Armeense en Azerbeidzjaanse culinaire tradities. Gerechten zoals dolma en gegrild vlees zijn gedeeld cultureel erfgoed.","Druivenbladeren; vlees; rijst; brood","Armeens; Azerbeidzjaans; Kaukasisch"
Nakhchivan,Autonome republiek Azerbeidzjan,Azerbeidzjan,Azië,Autonome regio,Azerbeidzjaanse keuken,"Plov; Dushbara","Kebab; Qutab","Nakhchivan heeft een keuken die sterk verbonden is met Azerbeidzjaanse tradities en regionale producten.","Rijst; lam; kruiden; deeg","Turks; Perzisch; Kaukasisch"
Jeju,Culturele regio Zuid-Korea,Zuid-Korea,Azië,Eilandregio,Koreaanse eilandkeuken,"Heukdwaeji; Seafood","Abalone porridge; Haenyeo seafood","Jeju staat bekend om zeevruchten en gerechten gebaseerd op het vulkanische eilandlandschap.","Zeevruchten; varkensvlees; rijst","Koreaans; eilandcultuur"
Okinawa,Culturele regio Japan,Japan,Azië,Eilandregio,Ryukyu keuken,"Goya champuru; Okinawa soba","Rafute; Taco rice","De Okinawaanse keuken verschilt sterk van de rest van Japan en gebruikt veel tropische ingrediënten.","Varkensvlees; tofu; groenten; noedels","Ryukyu; Japans; Chinees"
Hokkaido,Culturele regio Japan,Japan,Azië,Eilandregio,Noord-Japanse keuken,"Kaisendon; Soup curry","Jingisukan; Zeevruchten","Hokkaido staat bekend om verse zeevruchten en zuivelproducten. De keuken heeft een kouder klimaat als basis.","Vis; schaaldieren; melk; aardappel","Japans; Ainu"
Albanië,Land,Albanië,Europa,Land,Balkan-keuken,"Tavë Kosi; Byrek","Fërgesë; Qofte","De Albanese keuken combineert mediterrane en Balkantradities. Tavë Kosi is een ovenschotel met lamsvlees en yoghurt en geldt als een nationaal symbool.","Lam; yoghurt; rijst; deeg; groenten","Balkan; Ottomaans; Mediterraan"
Andorra,Land,Andorra,Europa,Land,Pyrenese keuken,"Escudella","Trinxat; Canelons","Andorra heeft geen officieel nationaal gerecht, maar Escudella is een traditionele winterse stoofsoep uit de Pyreneeën.","Vlees; aardappel; kool; worst","Catalaans; Frans; Pyrenees"
Oostenrijk,Land,Oostenrijk,Europa,Land,Centraal-Europese keuken,"Wiener Schnitzel; Sachertorte","Tafelspitz; Kaiserschmarrn","De Oostenrijkse keuken is sterk verbonden met het voormalige Habsburgse rijk. Wiener Schnitzel is internationaal het bekendste gerecht.","Kalfsvlees; broodkruim; aardappel; chocolade","Habsburg; Duits; Hongaars; Italiaans"
Belarus,Land,Belarus,Europa,Land,Oost-Europese keuken,"Draniki; Machanka","Kalduny; Babka","De Belarussische keuken gebruikt veel aardappelen, granen en vlees. Draniki zijn aardappelpannenkoeken die als nationaal gerecht gelden.","Aardappel; varkensvlees; rogge; champignons","Slavisch; Russisch; Pools"
België,Land,België,Europa,Land,Belgische keuken,"Mosselen-friet; Stoofvlees; Wafels","Waterzooi; Gentse neuzen","De Belgische keuken combineert Franse verfijning met Vlaamse en Waalse tradities. Mosselen met friet is een van de bekendste nationale gerechten.","Aardappel; mosselen; rundvlees; bier","Frans; Vlaams; Waals"
Bosnië en Herzegovina,Land,Bosnië en Herzegovina,Europa,Land,Balkan-keuken,"Ćevapi; Bosanski lonac","Burek; Begova čorba","De Bosnische keuken is gevormd door Slavische, Ottomaanse en Mediterrane invloeden. Ćevapi zijn kleine gegrilde gehaktrolletjes.","Rundvlees; lam; brood; yoghurt","Balkan; Ottomaans; Slavisch"
Bulgarije,Land,Bulgarije,Europa,Land,Balkan-keuken,"Banitsa; Shopska salade","Kavarma; Tarator","De Bulgaarse keuken gebruikt veel yoghurt, groenten en gegrild vlees. Banitsa is een hartige deegschotel met kaas.","Yoghurt; kaas; deeg; groenten","Balkan; Turks; Slavisch"
Kroatië,Land,Kroatië,Europa,Land,Adriatische keuken,"Peka; Pašticada","Crni rižot; Fritule","De Kroatische keuken verschilt sterk per regio. Aan de kust domineren vis en mediterrane smaken, terwijl het binnenland meer Centraal-Europees is.","Vis; vlees; olijfolie; deeg","Mediterraan; Hongaars; Italiaans"
Tsjechië,Land,Tsjechië,Europa,Land,Midden-Europese keuken,"Svíčková; Vepřo knedlo zelo","Goulash; Koláče","De Tsjechische keuken staat bekend om stevige gerechten met sauzen en deegwaren. Svíčková is rundvlees met roomsaus en knoedels.","Rundvlees; room; brood; aardappel","Boheems; Oostenrijks; Duits"
Denemarken,Land,Denemarken,Europa,Land,Noordse keuken,"Smørrebrød; Stegt flæsk","Frikadeller; Wienerbrød","De Deense keuken draait rond eenvoud, brood en seizoensproducten. Smørrebrød zijn belegde roggebroodjes met uiteenlopende toppings.","Roggebrood; vis; varkensvlees; aardappel","Noords; Germaans"
Estland,Land,Estland,Europa,Land,Baltische keuken,"Verivorst; Karask","Mulgikapsad; Kama","De Estse keuken combineert Noordse en Oost-Europese tradities. Rogge, aardappel en varkensvlees zijn belangrijke ingrediënten.","Rogge; aardappel; varkensvlees; vis","Fins-Oegrisch; Scandinavisch; Slavisch"
Finland,Land,Finland,Europa,Land,Noordse keuken,"Karjalanpiirakka; Lohikeitto","Poronkäristys; Ruisleipä","De Finse keuken gebruikt veel natuurlijke ingrediënten uit bossen en meren. Karjalanpiirakka zijn Karelische pasteitjes met rijstvulling.","Rogge; vis; aardappel; bessen","Fins; Scandinavisch; Russisch"
Frankrijk,Land,Frankrijk,Europa,Land,Franse keuken,"Baguette; Coq au vin; Pot-au-feu","Ratatouille; Crêpes","Frankrijk heeft geen enkel officieel nationaal gerecht door de grote regionale diversiteit. De keuken staat bekend om technieken, sauzen en regionale specialiteiten.","Tarwe; boter; wijn; kaas; vlees","Latijns; Keltisch; Mediterraan"
Duitsland,Land,Duitsland,Europa,Land,Duitse keuken,"Bratwurst; Sauerbraten; Currywurst","Schnitzel; Kartoffelsalat","De Duitse keuken verschilt sterk per regio. Vlees, broodcultuur en aardappelgerechten spelen een centrale rol.","Varkensvlees; aardappel; brood; kool","Germaans; Midden-Europees"
Griekenland,Land,Griekenland,Europa,Land,Mediterrane keuken,"Moussaka; Souvlaki","Tzatziki; Spanakopita","De Griekse keuken is gebaseerd op mediterrane ingrediënten en duizenden jaren geschiedenis. Olijfolie, granen en groenten zijn essentieel.","Olijfolie; feta; lam; aubergine; vis","Oud-Grieks; Mediterraan; Ottomaans"
Hongarije,Land,Hongarije,Europa,Land,Midden-Europese keuken,"Goulash; Lángos","Paprikash; Dobos taart","De Hongaarse keuken staat bekend om paprika en rijke stoofgerechten. Goulash is wereldwijd het bekendste Hongaarse gerecht.","Paprika; rundvlees; ui; aardappel","Magyaars; Ottomaans; Oostenrijks"
IJsland,Land,IJsland,Europa,Land,Noordse keuken,"Kjötsúpa; Hákarl","Plokkfiskur; Skyr","De IJslandse keuken is gevormd door een geïsoleerd eilandklimaat. Vis, lam en zuivel zijn traditioneel belangrijk.","Lam; vis; aardappel; zuivel","Noords; Viking"
Ierland,Land,Ierland,Europa,Land,Keltische keuken,"Irish stew; Soda bread","Boxty; Colcannon","De Ierse keuken draait rond eenvoudige, voedzame gerechten. Irish stew combineert lam, aardappel en groenten.","Lam; aardappel; kool; brood","Keltisch; Brits"
Italië,Land,Italië,Europa,Land,Mediterrane keuken,"Pizza; Pasta; Risotto","Lasagne; Gelato","De Italiaanse keuken bestaat uit honderden regionale tradities. Pizza en pasta zijn wereldwijd bekende symbolen van Italië.","Tarwe; tomaat; olijfolie; kaas; wijn","Romeins; Mediterraan; regionaal"
Letland,Land,Letland,Europa,Land,Baltische keuken,"Grijze erwten met spek; Rupjmaize","Sklandrausis; Karbonāde","De Letse keuken gebruikt veel producten uit bossen, zee en landbouw. Grijze erwten met spek worden vaak gezien als een nationaal symbool.","Erwten; spek; rogge; aardappel; vis","Baltisch; Scandinavisch; Slavisch"
Litouwen,Land,Litouwen,Europa,Land,Baltische keuken,"Cepelinai; Šaltibarščiai","Kugelis; Kibinai","Cepelinai zijn grote aardappelknoedels gevuld met vlees of kaas. De Litouwse keuken gebruikt veel aardappel, zuivel en granen.","Aardappel; varkensvlees; zure room; rogge","Baltisch; Pools; Slavisch"
Luxemburg,Land,Luxemburg,Europa,Land,Midden-Europese keuken,"Judd mat Gaardebounen","Gromperekichelcher; Bouneschlupp","De Luxemburgse keuken combineert Franse, Duitse en Belgische invloeden. Judd mat Gaardebounen is gerookt varkensvlees met tuinbonen.","Varkensvlees; bonen; aardappel; room","Frans; Duits; Luxemburgs"
Malta,Land,Malta,Europa,Land,Mediterrane keuken,"Fenek; Pastizzi","Aljotta; Ftira","De Maltese keuken weerspiegelt de ligging tussen Europa en Noord-Afrika. Fenek is konijn gestoofd met wijn en kruiden.","Konijn; deeg; vis; olijfolie","Italiaans; Arabisch; Brits; Mediterraan"
Moldavië,Land,Moldavië,Europa,Land,Oost-Europese keuken,"Mămăligă; Sarmale","Plăcintă; Zeamă","De Moldavische keuken combineert Roemeense, Slavische en Balkantradities. Mămăligă is een maïsmeelgerecht dat vaak met kaas en vlees wordt gegeten.","Maïs; kaas; kool; varkensvlees","Roemeens; Slavisch; Balkan"
Monaco,Land,Monaco,Europa,Land,Ligurische keuken,"Barbagiuà","Stocafi; Socca","De keuken van Monaco is klein maar sterk verbonden met de Franse en Ligurische kustkeuken.","Groenten; vis; deeg; olijfolie","Frans; Italiaans; Mediterraan"
Montenegro,Land,Montenegro,Europa,Land,Balkan-keuken,"Kačamak; Njeguški pršut","Buzara; Ćevapi","De Montenegrijnse keuken combineert bergtradities met mediterrane invloeden. Gedroogde ham en stevige maïsgerechten zijn belangrijk.","Maïs; kaas; vlees; vis","Balkan; Mediterraan; Ottomaans"
Nederland,Land,Nederland,Europa,Land,Nederlandse keuken,"Stamppot; Haring; Erwtensoep","Bitterballen; Poffertjes","De Nederlandse keuken is historisch eenvoudig en gebaseerd op landbouw, visserij en zuivel. Stamppot combineert aardappel met groenten en vaak vlees.","Aardappel; kool; haring; zuivel","Germaans; Noord-Europees; koloniaal"
Noord-Macedonië,Land,Noord-Macedonië,Europa,Land,Balkan-keuken,"Tavče gravče; Ajvar","Burek; Pastrmajlija","De Macedonische keuken combineert Balkan- en Mediterrane tradities. Tavče gravče is een gebakken bonengerecht.","Bonen; paprika; vlees; yoghurt","Balkan; Ottomaans; Mediterraan"
Noorwegen,Land,Noorwegen,Europa,Land,Noordse keuken,"Fårikål; Kjøttkaker","Lapskaus; Gravlaks","De Noorse keuken is gevormd door bergen, zee en koude winters. Vis en lam spelen een grote rol.","Lam; vis; aardappel; rogge","Noords; Viking"
Polen,Land,Polen,Europa,Land,Poolse keuken,"Pierogi; Bigos; Żurek","Gołąbki; Kielbasa","De Poolse keuken staat bekend om stevige gerechten met deeg, kool en vlees. Pierogi zijn gevulde deegkussentjes met veel regionale varianten.","Aardappel; kool; meel; vlees; paddenstoelen","Slavisch; Joods; Oost-Europees"
Portugal,Land,Portugal,Europa,Land,Atlantische keuken,"Bacalhau; Pastéis de nata","Caldo verde; Francesinha","De Portugese keuken combineert Atlantische producten met koloniale invloeden. Bacalhau, gezouten kabeljauw, heeft honderden varianten.","Vis; aardappel; olijfolie; wijn","Iberisch; Atlantisch; Portugees koloniaal"
Roemenië,Land,Roemenië,Europa,Land,Balkan/Oost-Europese keuken,"Sarmale; Mămăligă","Ciorbă; Mititei","De Roemeense keuken combineert Balkan-, Turkse en Oost-Europese tradities. Sarmale zijn gevulde koolbladeren met vlees en rijst.","Kool; varkensvlees; maïs; zure room","Roemeens; Balkan; Ottomaans"
Rusland,Land,Rusland,Europa/Azië,Land,Russische keuken,"Borsjt; Pelmeni; Blini","Beef Stroganoff; Olivier salade","Rusland heeft enorme regionale verschillen en geen enkel officieel nationaal gerecht. Borsjt is een van de bekendste gerechten uit de Russische eetcultuur.","Biet; aardappel; kool; deeg; vlees","Slavisch; Kaukasisch; Centraal-Aziatisch"
San Marino,Land,San Marino,Europa,Land,Italiaanse keuken,"Torta Tre Monti; Pasta","Piadina; Passatelli","De keuken van San Marino lijkt sterk op de Emilia-Romagna regio van Italië. Pasta en zoete amandelgerechten zijn belangrijk.","Tarwe; kaas; amandel; vlees","Italiaans; Mediterraan"
Servië,Land,Servië,Europa,Land,Balkan-keuken,"Ćevapi; Pljeskavica","Sarma; Karađorđeva šnicla","De Servische keuken combineert Slavische en Ottomaanse invloeden. Gegrild vlees en paprika zijn zeer belangrijk.","Vlees; paprika; brood; zuivel","Balkan; Slavisch; Ottomaans"
Slowakije,Land,Slowakije,Europa,Land,Midden-Europese keuken,"Bryndzové halušky","Kapustnica; Lokše","Bryndzové halušky zijn aardappelknoedels met schapenkaas en spek. Het gerecht wordt gezien als nationaal symbool.","Aardappel; schapenkaas; spek","Slavisch; Hongaars; Oostenrijks"
Slovenië,Land,Slovenië,Europa,Land,Alpen/Mediterrane keuken,"Potica; Kranjska klobasa","Jota; Štruklji","De Sloveense keuken heeft invloeden uit de Alpen, Balkan en Adriatische kust. Potica is een gevulde feestelijke rolcake.","Noten; deeg; worst; kool","Alpen; Balkan; Italiaans"
Spanje,Land,Spanje,Europa,Land,Iberische keuken,"Paella; Tortilla española","Jamón; Gazpacho","Spanje heeft geen enkel nationaal gerecht door de sterke regionale identiteit. Paella uit Valencia is internationaal het bekendste Spaanse gerecht.","Rijst; olijfolie; zeevruchten; tomaat","Romeins; Arabisch; Mediterraan"
Zweden,Land,Zweden,Europa,Land,Noordse keuken,"Köttbullar; Gravlax","Kanelbullar; Janssons frestelse","De Zweedse keuken draait rond eenvoud, conservering en seizoensproducten. Köttbullar zijn wereldberoemde Zweedse gehaktballetjes.","Vlees; aardappel; vis; kaneel","Noords; Germaans"
Zwitserland,Land,Zwitserland,Europa,Land,Alpenkeuken,"Fondue; Raclette","Rösti; Zürcher Geschnetzeltes","De Zwitserse keuken verschilt per kanton. Kaasgerechten zoals fondue en raclette zijn internationale symbolen.","Kaas; aardappel; vlees; brood","Frans; Duits; Italiaans"
Oekraïne,Land,Oekraïne,Europa,Land,Oost-Europese keuken,"Borsjt; Varenyky","Holubtsi; Deruny","De Oekraïense keuken is gebaseerd op granen, groenten en rijke soepen. Borsjt is cultureel sterk verbonden met Oekraïne.","Biet; kool; aardappel; deeg","Slavisch; Oost-Europees"
Verenigd Koninkrijk,Land,Verenigd Koninkrijk,Europa,Land,Britse keuken,"Fish and chips; Sunday roast","Full English breakfast; Shepherd's pie","De Britse keuken heeft een lange geschiedenis en regionale verschillen. Fish and chips is een van de bekendste moderne symbolen.","Vis; aardappel; vlees; brood","Keltisch; Germaans; koloniaal"
Vaticaanstad,Microstaat,Heilige Stoel,Europa,Microstaat,Italiaanse keuken,"Pasta; Romeinse gerechten","Pizza; Supplì","Vaticaanstad heeft geen aparte nationale keuken en volgt grotendeels de Romeinse keuken.","Pasta; tomaat; kaas; olijfolie","Italiaans; Romeins"
Kosovo,Gedeeltelijk erkende staat,Servië/Kosovo,Europa,Gedeeltelijk erkende staat,Balkan-keuken,"Flija; Tavë Kosi","Burek; Qebapa","De Kosovaarse keuken combineert Albanese, Balkan- en Ottomaanse invloeden. Flija is een traditioneel laagjesgerecht dat langzaam wordt gebakken.","Meel; yoghurt; boter; vlees","Albanees; Ottomaans; Balkan"
Transnistrië,Betwist gebied,Moldavië/Oekraïne,Europa,Betwist gebied,Oost-Europese keuken,"Borsjt; Placinte","Pelmeni; Mămăligă","De keuken van Transnistrië volgt vooral Moldavische, Oekraïense en Russische tradities. Er bestaat geen aparte nationale keuken.","Biet; deeg; kool; vlees","Moldavisch; Russisch; Oekraïens"
Noord-Cyprus,Door Turkije erkende staat,Turkije/Cyprus,Europa/Azië,Betwist gebied,Cypriotisch-Turkse keuken,"Şeftali kebabı; Halloumi","Meze; Kleftiko","De keuken van Noord-Cyprus combineert Turkse en Cypriotische tradities. Gegrild vlees, kaas en kleine gerechten zijn belangrijk.","Lam; kaas; olijfolie; groenten","Turks; Cypriotisch; Mediterraan"
Åland,Autonome regio Finland,Finland,Europa,Autonome regio,Noordse eilandkeuken,"Åland pancake; Visgerechten","Zwarte broodsoorten; Zeevruchten","Åland heeft een eigen Zweedstalige cultuur en keuken. Vis en traditionele pannenkoeken zijn belangrijke specialiteiten.","Vis; melk; tarwe; aardappel","Zweeds; Fins; Scandinavisch"
Baskenland,Culturele regio Spanje/Frankrijk,Spanje/Frankrijk,Europa,Culturele regio,Baskische keuken,"Pintxos; Bacalao al pil pil","Txangurro; Marmitako","De Baskische keuken is wereldwijd bekend om hoogwaardige ingrediënten en kleine gerechten. Pintxos zijn kleine hapjes vergelijkbaar met tapas.","Vis; zeevruchten; paprika; vlees","Baskisch; Spaans; Frans"
Catalonië,Autonome regio Spanje,Spanje,Europa,Autonome regio,Catalonische keuken,"Pa amb tomàquet; Escudella","Crema catalana; Fideuà","De Catalaanse keuken combineert berg- en mediterrane tradities. Pa amb tomàquet is eenvoudig brood met tomaat, olie en zout.","Brood; tomaat; olijfolie; vis; vlees","Catalaans; Mediterraan; Frans"
Corsica,Regio Frankrijk,Frankrijk,Europa,Regio,Corsicaanse keuken,"Porceddu; Brocciu","Civet de sanglier; Fiadone","De Corsicaanse keuken combineert Franse en Italiaanse eilandtradities. Wild zwijn en lokale kazen zijn kenmerkend.","Varkensvlees; kaas; kastanjes; kruiden","Italiaans; Frans; Mediterraan"
Sardinië,Autonome regio Italië,Italië,Europa,Regio,Sardijnse keuken,"Porceddu; Culurgiones","Pane carasau; Bottarga","De Sardijnse keuken heeft sterke eilandtradities en gebruikt veel lokale producten. Porceddu is langzaam geroosterd speenvarken.","Varken; schapenkaas; pasta; vis","Italiaans; Mediterraan; herderscultuur"
Sicilië,Autonome regio Italië,Italië,Europa,Regio,Siciliaanse keuken,"Arancini; Pasta alla Norma","Caponata; Cannoli","De Siciliaanse keuken is gevormd door Griekse, Arabische en Italiaanse invloeden. Zoet-zure smaken en citrus zijn kenmerkend.","Aubergine; rijst; citrus; vis","Italiaans; Arabisch; Grieks"
Vlaanderen,Regio België,België,Europa,Regio,Vlaamse keuken,"Stoofvlees; Mosselen-friet","Waterzooi; Witloof","De Vlaamse keuken combineert bier, vlees en zeeproducten. Stoofvlees wordt traditioneel bereid met Belgisch bier.","Rundvlees; bier; aardappel; witloof","Germaans; Frans; Belgisch"
Wallonië,Regio België,België,Europa,Regio,Waalse keuken,"Boulettes à la Liégeoise","Tarte al djote; Carbonnade","De Waalse keuken heeft Franse en Ardennense invloeden. Stoofgerechten en streekproducten zijn belangrijk.","Vlees; stroop; kaas; aardappel","Frans; Ardennen"
Bretagne,Regio Frankrijk,Frankrijk,Europa,Regio,Bretonse keuken,"Crêpes; Galettes","Kouign-amann; Fruits de mer","De Bretonse keuken is verbonden met de Atlantische kust. Boekweitpannenkoeken en zeevruchten zijn iconisch.","Boekweit; boter; zeevruchten; room","Keltisch; Frans; Atlantisch"
Beieren,Deelstaat Duitsland,Duitsland,Europa,Regio,Zuid-Duitse keuken,"Weißwurst; Schweinshaxe","Pretzel; Obatzda","De Beierse keuken staat bekend om biercultuur, vlees en stevige gerechten. Weißwurst is een traditionele witte worst.","Varkensvlees; tarwe; bier; kaas","Germaans; Alpen"
Zuid-Tirol,Autonome provincie Italië,Italië,Europa,Regio,Alpenkeuken,"Speck; Knödel","Apfelstrudel; Kaiserschmarrn","Zuid-Tirol combineert Italiaanse en Oostenrijkse tradities. Knödel en gerookt spek zijn belangrijke streekproducten.","Spek; brood; aardappel; kaas","Oostenrijks; Italiaans; Alpen"
Galicië,Autonome regio Spanje,Spanje,Europa,Regio,Atlantische keuken,"Pulpo a feira; Empanada gallega","Caldo gallego","De Galicische keuken is sterk verbonden met de Atlantische Oceaan. Octopus en zeevruchten spelen een centrale rol.","Octopus; vis; aardappel; paprika","Keltisch; Spaans; Atlantisch"
Andalusië,Autonome regio Spanje,Spanje,Europa,Regio,Zuid-Spaanse keuken,"Gazpacho; Jamón ibérico","Salmorejo; Pescaíto frito","De Andalusische keuken heeft sterke Moorse invloeden. Koude soepen en gefrituurde vis zijn typisch.","Tomaat; olijfolie; ham; vis","Arabisch; Spaans; Mediterraan"
Schotland,Deelstaat Verenigd Koninkrijk,Verenigd Koninkrijk,Europa,Regio,Keltische keuken,"Haggis; Cullen skink","Shortbread; Scotch pie","De Schotse keuken gebruikt veel granen, vis en wild. Haggis is een traditioneel gerecht gemaakt van orgaanvlees en granen.","Schapen; haver; vis; aardappel","Keltisch; Brits"
Wales,Deelstaat Verenigd Koninkrijk,Verenigd Koninkrijk,Europa,Regio,Keltische keuken,"Welsh rarebit; Cawl","Bara brith; Laverbread","De Welshe keuken combineert Keltische tradities met Britse invloeden. Cawl is een traditionele stoofsoep.","Lam; kaas; brood; zeewier","Welsh; Keltisch; Brits"
Noord-Ierland,Deelstaat Verenigd Koninkrijk,Verenigd Koninkrijk,Europa,Regio,Ierse keuken,"Ulster fry; Soda bread","Champ; Irish stew","De Noord-Ierse keuken deelt veel tradities met Ierland en Groot-Brittannië.","Aardappel; brood; spek; eieren","Iers; Brits"
Jersey,Kroongebied Verenigd Koninkrijk,Verenigd Koninkrijk,Europa,Kroongebied,Eilandkeuken,"Jersey Royal potatoes; Bean jar","Zeevruchten","Jersey staat bekend om aardappelen en zeeproducten. De keuken combineert Britse en Franse eilandtradities.","Aardappel; vis; bonen","Brits; Frans"
Guernsey,Kroongebied Verenigd Koninkrijk,Verenigd Koninkrijk,Europa,Kroongebied,Eilandkeuken,"Bean jar; Gâche","Zeevruchten","Guernsey heeft een traditionele eilandkeuken met invloeden uit Normandië en Groot-Brittannië.","Bonen; brood; vis; room","Normandisch; Brits"
Svalbard,Noorse eilandengroep,Noorwegen,Europa/Arctica,Overzees gebied,Arctische keuken,"Rendiergerechten; Arctische vis","Wildgerechten","Door het extreme klimaat is de keuken beperkt en gebaseerd op conservering en lokale jacht.","Rendier; vis; wild","Noords; Arctisch"
Canada,Land,Canada,Noord-Amerika,Land,Noord-Amerikaanse keuken,"Poutine; Tourtière","Maple syrup gerechten; Butter tarts","Canada heeft geen officieel nationaal gerecht, maar poutine wordt vaak gezien als culinair symbool. De keuken verschilt sterk per regio, van Franse invloeden in Québec tot inheemse tradities.","Aardappel; kaaswrongel; jus; wild; vis","Inheems; Frans; Brits"
Verenigde Staten,Land,Verenigde Staten,Noord-Amerika,Land,Amerikaanse keuken,"Hamburger; BBQ; Apple pie","Fried chicken; Mac and cheese","De Verenigde Staten hebben geen officieel nationaal gerecht door de grote culturele diversiteit. Hamburger en barbecue zijn wereldwijd herkenbare symbolen.","Rundvlees; maïs; aardappel; tarwe; vlees","Inheems; Europees; Afrikaans; Latijns-Amerikaans"
Mexico,Land,Mexico,Noord-Amerika,Land,Meso-Amerikaanse keuken,"Taco's; Mole; Tamales","Pozole; Chiles en nogada","De Mexicaanse keuken is gebaseerd op oude inheemse tradities gecombineerd met Spaanse invloeden. Maïs, chili en bonen vormen de basis.","Maïs; chili; bonen; tomaat; cacao","Maya; Azteeks; Spaans"
Guatemala,Land,Guatemala,Noord-Amerika,Land,Meso-Amerikaanse keuken,"Pepián; Kak-ik","Tamales; Jocón","De Guatemalteekse keuken behoudt sterke Maya-invloeden. Pepián is een rijke stoofpot met geroosterde specerijen.","Maïs; kip; chili; pompoenpitten","Maya; Spaans; Meso-Amerikaans"
Belize,Land,Belize,Noord-Amerika,Land,Caribische/Centraal-Amerikaanse keuken,"Rice and beans with stew chicken","Hudut; Ceviche","De Belizaanse keuken combineert Maya-, Creoolse, Garifuna- en Britse invloeden. Rijst met bonen en kip is een veel gegeten basisgerecht.","Rijst; bonen; kip; kokos; vis","Maya; Caribisch; Creools"
El Salvador,Land,El Salvador,Noord-Amerika,Land,Meso-Amerikaanse keuken,"Pupusa","Yuca frita; Sopa de res","Pupusa is een gevulde maïstortilla en wordt gezien als nationaal gerecht. Het gerecht weerspiegelt de inheemse Pipil-cultuur.","Maïs; kaas; bonen; varkensvlees","Pipil; Spaans; Meso-Amerikaans"
Honduras,Land,Honduras,Noord-Amerika,Land,Midden-Amerikaanse keuken,"Baleada","Sopa de caracol; Tamales","Baleadas zijn gevulde tarwetortilla's en behoren tot de bekendste Hondurese gerechten.","Tarwe; bonen; kaas; room","Maya; Spaans; Caribisch"
Nicaragua,Land,Nicaragua,Noord-Amerika,Land,Midden-Amerikaanse keuken,"Gallo pinto; Nacatamal","Vigorón; Rondón","Gallo pinto is een rijst-en-bonen gerecht dat dagelijks wordt gegeten. Het komt veel voor in heel Midden-Amerika.","Rijst; bonen; varkensvlees; maïs","Inheems; Spaans; Creools"
Costa Rica,Land,Costa Rica,Noord-Amerika,Land,Midden-Amerikaanse keuken,"Gallo pinto; Casado","Olla de carne; Ceviche","Gallo pinto wordt vaak beschouwd als nationaal gerecht van Costa Rica. Het combineert rijst, bonen en kruiden.","Rijst; bonen; koriander; vlees","Spaans; Caribisch"
Panama,Land,Panama,Noord-Amerika,Land,Midden-Amerikaanse keuken,"Sancocho; Arroz con pollo","Ceviche; Ropa vieja","De Panamese keuken combineert Latijns-Amerikaanse, Caribische en Afro-Antilliaanse invloeden.","Kip; rijst; cassave; kruiden","Spaans; Afro-Caribisch; inheems"
Cuba,Land,Cuba,Noord-Amerika,Land,Caribische keuken,"Ropa vieja; Moros y cristianos","Lechón asado; Vaca frita","De Cubaanse keuken combineert Spaanse, Afrikaanse en Caribische tradities. Ropa vieja is gestoofd rundvlees met groenten.","Rundvlees; rijst; bonen; citrus","Spaans; Afrikaans; Caribisch"
Jamaica,Land,Jamaica,Noord-Amerika,Land,Caribische keuken,"Ackee and saltfish; Jerk chicken","Curry goat; Rice and peas","Ackee and saltfish is het nationale gerecht van Jamaica. Jerk cooking gebruikt een kenmerkende mix van kruiden en specerijen.","Vis; ackee; kip; piment; chili","Afrikaans; Brits; Indiaas; Caribisch"
Haïti,Land,Haïti,Noord-Amerika,Land,Haitiaanse keuken,"Griot; Soup joumou","Diri ak pwa; Tassot","De Haïtiaanse keuken combineert Afrikaanse, Franse en Caribische invloeden. Soup joumou is cultureel verbonden met onafhankelijkheid.","Varkensvlees; pompoen; rijst; bonen","Frans; Afrikaans; Taíno"
Dominicaanse Republiek,Land,Dominicaanse Republiek,Noord-Amerika,Land,Caribische keuken,"La bandera dominicana","Mangú; Sancocho","La bandera is een bord met rijst, bonen en vlees dat de kleuren van de vlag symboliseert.","Rijst; bonen; vlees; bakbanaan","Spaans; Afrikaans; Taíno"
Trinidad en Tobago,Land,Trinidad en Tobago,Noord-Amerika,Land,Caribische keuken,"Doubles; Pelau","Roti; Callaloo","De keuken combineert Indiase, Afrikaanse en Caribische invloeden. Doubles zijn populaire streetfood broodjes met kikkererwten.","Kikkererwten; brood; rijst; kokos; kruiden","Indiaas; Afrikaans; Caribisch"
Barbados,Land,Barbados,Noord-Amerika,Land,Caribische keuken,"Cou-cou and flying fish","Fish cakes; Pepperpot","Cou-cou met vliegende vis wordt gezien als nationaal gerecht. De keuken weerspiegelt de eilandcultuur en zeevaart.","Vis; maïsmeel; okra; kruiden","Afrikaans; Brits; Caribisch"
Bahama's,Land,Bahama's,Noord-Amerika,Land,Caribische keuken,"Conch salad","Peas n rice; Cracked conch","De Bahamaanse keuken draait rond zeevruchten. Conch, een grote zeeslak, is een belangrijk lokaal ingrediënt.","Conch; vis; rijst; citrus","Afrikaans; Brits; Caribisch"
Grenada,Land,Grenada,Noord-Amerika,Land,Caribische keuken,"Oil down","Callaloo; Roti","Oil down is een stoofgerecht met broodvrucht, kokosmelk en vlees of vis. Het wordt beschouwd als nationaal gerecht.","Broodvrucht; kokos; vis; vlees","Afrikaans; Caribisch"
Saint Lucia,Land,Saint Lucia,Noord-Amerika,Land,Caribische keuken,"Green fig and saltfish","Bouyon; Accra","Green fig and saltfish is een gerecht van groene banaan en gezouten vis.","Banaan; vis; kokos; groenten","Frans; Brits; Caribisch"
Dominica,Land,Dominica,Noord-Amerika,Land,Caribische keuken,"Mountain chicken; Callaloo soup","Crab backs; Fish broth","De keuken van Dominica gebruikt veel lokale planten en zeeproducten. Callaloo is een traditionele soep met bladgroenten.","Bladgroenten; vis; krab; kruiden","Caribisch; Frans; Brits"
Saint Vincent en de Grenadines,Land,Saint Vincent en de Grenadines,Noord-Amerika,Land,Caribische keuken,"Roasted breadfruit and fried jackfish","Callaloo; Fish soup","Broodvrucht met vis is een traditioneel eilandgerecht. De keuken combineert Afrikaanse en Caribische tradities.","Broodvrucht; vis; kokos; groenten","Afrikaans; Caribisch"
Antigua en Barbuda,Land,Antigua en Barbuda,Noord-Amerika,Land,Caribische keuken,"Fungee and pepperpot","Saltfish; Ducana","Fungee is een maïsmeelgerecht en pepperpot een rijke stoofpot.","Maïs; vlees; vis; kruiden","Afrikaans; Brits; Caribisch"
Puerto Rico,Amerikaans territorium,Verenigde Staten,Noord-Amerika,Autonoom territorium,Caribische keuken,"Mofongo; Arroz con gandules","Lechón asado; Pasteles","Puerto Rico heeft geen officiële onafhankelijkheid maar wel een zeer herkenbare eigen keuken. Mofongo bestaat uit gestampte bakbanaan met vlees of zeevruchten.","Bakbanaan; varkensvlees; rijst; knoflook","Spaans; Afrikaans; Taíno; Caribisch"
Curaçao,Landen binnen het Koninkrijk der Nederlanden,Nederland,Noord-Amerika,Autonoom land binnen koninkrijk,Caribische keuken,"Keshi yena; Funchi","Karni stoba; Pastechi","De Curaçaose keuken combineert Nederlandse, Latijns-Amerikaanse en Afro-Caribische invloeden. Keshi yena is een gevulde kaas met vlees en groenten.","Kaas; kip; rundvlees; maïsmeel","Nederlands; Spaans; Afrikaans; Caribisch"
Aruba,Landen binnen het Koninkrijk der Nederlanden,Nederland,Noord-Amerika,Autonoom land binnen koninkrijk,Caribische keuken,"Keshi yena; Pastechi","Ayaca; Sopito","De Arubaanse keuken is gevormd door Zuid-Amerikaanse, Nederlandse en Caribische invloeden.","Kaas; vlees; maïs; vis","Spaans; Nederlands; Caribisch"
Bonaire,Bijzondere gemeente Nederland,Nederland,Noord-Amerika,Openbaar lichaam,Caribische keuken,"Kabritu stoba; Funchi","Iguana soep; Pastechi","De Bonairiaanse keuken gebruikt veel lokale ingrediënten zoals geitenvlees en zeeproducten.","Geitenvlees; maïs; vis; kokos","Afro-Caribisch; Spaans; Nederlands"
Bermuda,Brits overzees gebied,Verenigd Koninkrijk,Noord-Amerika,Overzees gebied,Atlantische eilandkeuken,"Fish chowder","Codfish breakfast; Hoppin' John","De Bermudaanse keuken combineert Britse en Caribische invloeden. Fish chowder is een soep met vis, tomaat en kruiden.","Vis; tomaat; rum; kruiden","Brits; Caribisch; Atlantisch"
Groenland,Autonoom gebied binnen Koninkrijk Denemarken,Denemarken,Noord-Amerika,Autonoom gebied,Arctische keuken,"Suaasat","Gedroogde vis; Muskox gerechten","De Groenlandse keuken is gebaseerd op jacht en zee. Suaasat is een traditionele soep met zeehond, walvis of wild.","Zeehond; walvis; vis; wild","Inuit; Deens; Arctisch"
Saint-Pierre en Miquelon,Frans overzees gebied,Frankrijk,Noord-Amerika,Overzees gebied,Atlantische keuken,"Visgerechten; Tourtière","Kabeljauwgerechten","De keuken combineert Franse tradities met Noord-Atlantische viscultuur.","Kabeljauw; schaaldieren; aardappel","Frans; Canadees"
Amerikaanse Maagdeneilanden,Amerikaans territorium,Verenigde Staten,Noord-Amerika,Overzees territorium,Caribische keuken,"Fungi and fish","Johnny cakes; Callaloo","De keuken combineert Deense koloniale geschiedenis met Afrikaanse en Caribische tradities.","Vis; maïsmeel; groenten","Afrikaans; Caribisch; Deens"
Britse Maagdeneilanden,Brits overzees gebied,Verenigd Koninkrijk,Noord-Amerika,Overzees gebied,Caribische keuken,"Fish and fungi","Roti; Conch gerechten","De keuken is gebaseerd op zeeproducten en Caribische tradities.","Vis; maïsmeel; schelpdiertjes","Brits; Caribisch"
Kaaimaneilanden,Brits overzees gebied,Verenigd Koninkrijk,Noord-Amerika,Overzees gebied,Caribische keuken,"Turtle stew","Conch fritters; Fish rundown","De traditionele keuken gebruikt veel zeeproducten. Schildpadstoof was historisch belangrijk.","Schildpad; vis; kokos; kruiden","Caribisch; Brits"
Turks- en Caicoseilanden,Brits overzees gebied,Verenigd Koninkrijk,Noord-Amerika,Overzees gebied,Caribische keuken,"Conch gerechten","Peas n rice; Fish stew","De eilanden staan bekend om conch, een lokale zeeslak. De keuken is eenvoudig en gericht op zeeproducten.","Conch; vis; rijst; limoen","Caribisch; Brits"
Montserrat,Brits overzees gebied,Verenigd Koninkrijk,Noord-Amerika,Overzees gebied,Caribische keuken,"Goat water","Cassava bread; Fish dishes","Goat water is een geitenstoofpot en wordt gezien als nationaal gerecht van Montserrat.","Geit; aardappel; kruiden","Iers; Caribisch; Brits"
Anguilla,Brits overzees gebied,Verenigd Koninkrijk,Noord-Amerika,Overzees gebied,Caribische keuken,"Pigeon peas and rice; Grilled lobster","Johnny cakes; Fish soup","De Anguillaanse keuken draait rond zeevruchten en eilandproducten.","Kreeft; rijst; erwten; vis","Brits; Caribisch"
Guadeloupe,Frans overzees departement,Frankrijk,Noord-Amerika,Overzees departement,Creoolse keuken,"Colombo de poulet; Accras","Bokit; Boudin créole","De Guadeloupse keuken combineert Franse technieken met Caribische kruiden.","Kip; kokos; vis; chili","Frans; Afrikaans; Indiaas; Caribisch"
Martinique,Frans overzees departement,Frankrijk,Noord-Amerika,Overzees departement,Creoolse keuken,"Colombo; Accras","Boudin créole; Court-bouillon","Martinique heeft een sterke Creoolse keuken met Franse en Afrikaanse wortels.","Vis; kip; kruiden; cassave","Frans; Afrikaans; Caribisch"
Frans-Guyana,Frans overzees departement,Frankrijk,Zuid-Amerika/Noord-Amerika,Overzees departement,Amazonische keuken,"Bouillon d'awara","Colombo; Creoolse gerechten","De keuken combineert Franse, Creoolse, Indiaanse en Braziliaanse invloeden.","Palmvrucht; vis; kip; cassave","Frans; Creools; Amazone"
Sint-Maarten,Nederlandse en Franse eilandregio,Nederland/Frankrijk,Noord-Amerika,Gedeeld eilandgebied,Caribische keuken,"Johnny cake; Lolo gerechten","Guavaberry producten; Zeevruchten","Sint-Maarten heeft een mix van Nederlandse, Franse en Caribische keuken.","Vis; maïs; kip; kruiden","Frans; Nederlands; Caribisch"
Saint-Barthélemy,Frans overzees gebied,Frankrijk,Noord-Amerika,Overzees gebied,Frans-Caribische keuken,"Accras; Colombo","Zeevruchten","De keuken combineert Franse eilandcultuur met Creoolse smaken.","Vis; kruiden; groenten","Frans; Caribisch"
Navajo Nation,Inheems soeverein gebied,Verenigde Staten,Noord-Amerika,Inheems gebied,Inheemse Noord-Amerikaanse keuken,"Navajo frybread","Mutton stew; Blue corn gerechten","De Navajo-keuken gebruikt traditionele ingrediënten zoals maïs en schapenvlees. Frybread ontstond deels uit historische omstandigheden tijdens koloniale druk.","Maïs; lam; bonen; meel","Diné; Pueblo; Amerikaans"
Inuit Nunangat,Inheems cultureel gebied,Canada,Noord-Amerika,Inheems gebied,Arctische keuken,"Bannock; Inuit country food","Caribou; Arctic char","De Inuit-keuken is aangepast aan extreme omstandigheden en gebruikt vooral lokale jacht en visvangst.","Kariboe; vis; zeehond; bessen","Inuit; Arctisch"
Argentinië,Land,Argentinië,Zuid-Amerika,Land,Rioplatense keuken,"Asado; Empanadas; Locro","Milanesa; Choripán","De Argentijnse keuken staat bekend om vleescultuur en barbecue. Asado is een sociale traditie waarbij verschillende stukken vlees langzaam worden gegrild.","Rundvlees; maïs; tarwe; chimichurri","Spaans; Italiaans; Inheems; Gaucho"
Bolivia,Land,Bolivia,Zuid-Amerika,Land,Andeskeuken,"Salteñas; Silpancho","Pique macho; Sopa de maní","De Boliviaanse keuken combineert Andestradities met Spaanse invloeden. Salteñas zijn gevulde deegpasteitjes met vlees of groenten.","Aardappel; maïs; vlees; quinoa","Aymara; Quechua; Spaans"
Brazilië,Land,Brazilië,Zuid-Amerika,Land,Braziliaanse keuken,"Feijoada; Churrasco","Moqueca; Coxinha","Brazilië heeft een zeer diverse keuken door de enorme omvang van het land. Feijoada is een stoofpot met bonen en vlees die vaak als nationaal gerecht wordt gezien.","Bonen; varkensvlees; rijst; cassave","Portugees; Afrikaans; Inheems; Japans"
Chili,Land,Chili,Zuid-Amerika,Land,Chileense keuken,"Empanadas de pino; Pastel de choclo","Cazuela; Completo","De Chileense keuken combineert zeeproducten, landbouw en Andesinvloeden. Pastel de choclo is een ovenschotel met maïs en vlees.","Maïs; rundvlees; vis; aardappel","Spaans; Mapuche; Mediterraan"
Colombia,Land,Colombia,Zuid-Amerika,Land,Colombiaanse keuken,"Bandeja paisa; Arepas","Ajiaco; Sancocho","Colombia heeft sterke regionale verschillen. Arepas zijn maïsbroden die in bijna het hele land worden gegeten.","Maïs; bonen; rijst; vlees; avocado","Inheems; Spaans; Afrikaans"
Ecuador,Land,Ecuador,Zuid-Amerika,Land,Andes/Pacifische keuken,"Encebollado; Llapingachos","Locro de papa; Ceviche","De Ecuadoriaanse keuken combineert kust-, Andes- en Amazoneculturen. Encebollado is een vissoep die vaak als nationaal gerecht wordt gezien.","Vis; cassave; aardappel; ui","Inheems; Spaans; Afro-Ecuadoriaans"
Guyana,Land,Guyana,Zuid-Amerika,Land,Caribisch-Zuid-Amerikaanse keuken,"Pepperpot; Cook-up rice","Roti; Curry gerechten","De Guyanese keuken combineert Indiase, Afrikaanse, Chinese en inheemse invloeden. Pepperpot is een langzaam gekookte stoofpot.","Cassave; vlees; rijst; kruiden","Indiaas; Afrikaans; Caribisch; Inheems"
Paraguay,Land,Paraguay,Zuid-Amerika,Land,Guaraní keuken,"Sopa paraguaya; Chipa","Mbejú; Asado","Paraguay heeft een sterke Guaraní culinaire traditie. Sopa paraguaya is ondanks de naam een hartige maïsbroodachtige cake.","Maïs; kaas; eieren; cassave","Guaraní; Spaans"
Peru,Land,Peru,Zuid-Amerika,Land,Peruaanse keuken,"Ceviche; Lomo saltado","Ají de gallina; Pachamanca","De Peruaanse keuken wordt vaak gezien als een van de meest diverse ter wereld. Ceviche is een gerecht van rauwe vis gemarineerd in citrus.","Vis; aardappel; maïs; chili; quinoa","Inca; Spaans; Japans; Chinees"
Suriname,Land,Suriname,Zuid-Amerika,Land,Surinaamse keuken,"Pom; Roti","Saoto soep; Heri heri","De Surinaamse keuken is een unieke mix van Hindostaanse, Javaanse, Creoolse en inheemse tradities.","Kip; pomtajer; rijst; kruiden","Hindoestaans; Javaans; Afrikaans; Nederlands"
Uruguay,Land,Uruguay,Zuid-Amerika,Land,Rioplatense keuken,"Asado; Chivito","Milanesa; Mate cultuur","De Uruguayaanse keuken lijkt sterk op Argentinië maar heeft eigen specialiteiten. Chivito is een rijk belegde steak sandwich.","Rundvlees; brood; kaas; eieren","Spaans; Italiaans; Gaucho"
Venezuela,Land,Venezuela,Zuid-Amerika,Land,Venezolaanse keuken,"Arepas; Pabellón criollo","Hallacas; Cachapas","Arepas zijn maïsbroden die dagelijks worden gegeten. Pabellón criollo combineert rijst, bonen, vlees en bakbanaan.","Maïs; rundvlees; bonen; bakbanaan","Inheems; Spaans; Afrikaans"
Naam,Status,Moederland_of_bestuur,Continent,Type,Culinaire_regio,Nationaal_gerecht(en),Alternatieve_gerechten,Beschrijving,Belangrijkste_ingrediënten,Keukeninvloeden
Patagonië,Culturele regio,Argentinië/Chili,Zuid-Amerika,Regio,Patagonische keuken,"Cordero patagónico; Asado","Trucha patagónica; Empanadas","Patagonië heeft een keuken gevormd door gaucho's, schapenhouderij en de Andes. Langzaam geroosterd lam is een belangrijk gerecht.","Lam; wild; vis; aardappel","Gaucho; Mapuche; Europees"
Andesregio,Culturele regio,Meerdere landen,Zuid-Amerika,Regio,Andeskeuken,"Pachamanca; Chuño gerechten","Quinoa gerechten; Cuy","De Andeskeuken gebruikt eeuwenoude gewassen zoals aardappel, quinoa en maïs.","Aardappel; quinoa; maïs; lama","Inca; Quechua; Aymara"
Amazonegebied,Culturele regio,Brazilië/Peru/Colombia e.a.,Zuid-Amerika,Regio,Amazonekeuken,"Tacacá; Pirarucu gerechten","Açaí; Maniokgerechten","De Amazonekeuken gebruikt riviervis, cassave en tropisch fruit. Veel gerechten zijn afkomstig uit inheemse tradities.","Vis; cassave; fruit; kruiden","Inheems; tropisch"
Falklandeilanden,Brits overzees gebied,Verenigd Koninkrijk,Zuid-Amerika,Overzees gebied,Atlantische eilandkeuken,"Lamsgerechten; Fish and chips","Zeevruchten","De keuken volgt grotendeels Britse eilandtradities met lokale producten.","Lam; vis; aardappel","Brits; Atlantisch"
Rapa Nui / Paaseiland,Speciale regio Chili,Chili,Zuid-Amerika/Oceanië,Culturele regio,Polynesische keuken,"Umu; Ceviche Rapa Nui","Poisson cru","De keuken van Rapa Nui combineert Polynesische tradities met Chileense invloeden.","Vis; zoete aardappel; kokos","Polynesisch; Chileens"
Tierra del Fuego,Regio Argentinië/Chili,Argentinië/Chili,Zuid-Amerika,Regio,Zuidelijke keuken,"Cordero fueguino","Krabgerechten; Vis","De keuken van Vuurland gebruikt lokale zeeproducten en lam uit koude gebieden.","Lam; krab; vis","Patagonisch; Europees"
Naam,Status,Moederland_of_bestuur,Continent,Type,Culinaire_regio,Nationaal_gerecht(en),Alternatieve_gerechten,Beschrijving,Belangrijkste_ingrediënten,Keukeninvloeden
Patagonië,Culturele regio,Argentinië/Chili,Zuid-Amerika,Regio,Patagonische keuken,"Cordero patagónico; Asado","Trucha patagónica; Empanadas","Patagonië heeft een keuken gevormd door gaucho's, schapenhouderij en de Andes. Langzaam geroosterd lam is een belangrijk gerecht.","Lam; wild; vis; aardappel","Gaucho; Mapuche; Europees"
Andesregio,Culturele regio,Meerdere landen,Zuid-Amerika,Regio,Andeskeuken,"Pachamanca; Chuño gerechten","Quinoa gerechten; Cuy","De Andeskeuken gebruikt eeuwenoude gewassen zoals aardappel, quinoa en maïs.","Aardappel; quinoa; maïs; lama","Inca; Quechua; Aymara"
Amazonegebied,Culturele regio,Brazilië/Peru/Colombia e.a.,Zuid-Amerika,Regio,Amazonekeuken,"Tacacá; Pirarucu gerechten","Açaí; Maniokgerechten","De Amazonekeuken gebruikt riviervis, cassave en tropisch fruit. Veel gerechten zijn afkomstig uit inheemse tradities.","Vis; cassave; fruit; kruiden","Inheems; tropisch"
Falklandeilanden,Brits overzees gebied,Verenigd Koninkrijk,Zuid-Amerika,Overzees gebied,Atlantische eilandkeuken,"Lamsgerechten; Fish and chips","Zeevruchten","De keuken volgt grotendeels Britse eilandtradities met lokale producten.","Lam; vis; aardappel","Brits; Atlantisch"
Rapa Nui / Paaseiland,Speciale regio Chili,Chili,Zuid-Amerika/Oceanië,Culturele regio,Polynesische keuken,"Umu; Ceviche Rapa Nui","Poisson cru","De keuken van Rapa Nui combineert Polynesische tradities met Chileense invloeden.","Vis; zoete aardappel; kokos","Polynesisch; Chileens"
Tierra del Fuego,Regio Argentinië/Chili,Argentinië/Chili,Zuid-Amerika,Regio,Zuidelijke keuken,"Cordero fueguino","Krabgerechten; Vis","De keuken van Vuurland gebruikt lokale zeeproducten en lam uit koude gebieden.","Lam; krab; vis","Patagonisch; Europees"
Naam,Status,Moederland_of_bestuur,Continent,Type,Culinaire_regio,Nationaal_gerecht(en),Alternatieve_gerechten,Beschrijving,Belangrijkste_ingrediënten,Keukeninvloeden
Aboriginal Australië,Inheemse culturele regio,Australië,Oceanië,Inheemse regio,Bush tucker keuken,"Kangaroo; Bush tucker gerechten","Damper; Witchetty grub","De Aboriginal keuken gebruikt duizenden jaren oude technieken en lokale planten en dieren. Bush tucker verwijst naar traditioneel voedsel uit het Australische landschap.","Wild; zaden; planten; vis","Aboriginal; Australisch"
Māori Aotearoa,Culturele regio,Nieuw-Zeeland,Oceanië,Inheemse regio,Māori keuken,"Hāngi; Rewena bread","Kina; Kūmara gerechten","De Māori keuken combineert traditionele Polynesische technieken met Nieuw-Zeelandse ingrediënten.","Zoete aardappel; vis; schelpdieren","Polynesisch; Māori"
Frans-Polynesië,Overzees gebied Frankrijk,Frankrijk,Oceanië,Overzees gebied,Polynesische keuken,"Poisson cru","Mahi mahi; Fafa","De keuken combineert Polynesische ingrediënten met Franse technieken. Poisson cru is rauwe vis gemarineerd in limoen en kokosmelk.","Tonijn; kokos; limoen; taro","Polynesisch; Frans"
Nieuw-Caledonië,Overzees gebied Frankrijk,Frankrijk,Oceanië,Overzees gebied,Melanesische keuken,"Bougna","Zeevruchten; Kokosgerechten","Bougna is een traditioneel Kanak gerecht met vlees of vis en groenten bereid in bladeren.","Kip; vis; kokos; yam","Kanak; Frans; Melanesisch"
Guam,Amerikaans territorium,Verenigde Staten,Oceanië,Overzees territorium,Chamorro keuken,"Kelaguen; Red rice","Chicken adobo; BBQ","De keuken van Guam combineert Chamorro tradities met Spaanse, Filipijnse en Amerikaanse invloeden.","Kip; rijst; citrus; kokos","Chamorro; Spaans; Filipijns; Amerikaans"
Noordelijke Marianen,Amerikaans gemenebest,Verenigde Staten,Oceanië,Autonoom gebied,Chamorro/Micronesische keuken,"Kelaguen","Tinaktak; BBQ","De keuken combineert Micronesische, Spaanse en Amerikaanse invloeden.","Kip; rund; kokos; rijst","Chamorro; Spaans; Amerikaans"
Hawaï,Amerikaanse staat,Verenigde Staten,Oceanië,Regio,Polynesische keuken,"Poke; Kalua pig","Spam musubi; Loco moco","De Hawaiiaanse keuken combineert Polynesische, Aziatische en Amerikaanse tradities.","Vis; rijst; varkensvlees; taro","Polynesisch; Japans; Amerikaans"
